1个女性,1girl
1个女孩,1girl
1个女生,1girl
1女性,1girl
1女孩,1girl
1女生,1girl
一个女性,1girl
一个女孩,1girl
一个女生,1girl
一女性,1girl
一女孩,1girl
一女生,1girl
女性,1girl
女孩,1girl
女生,1girl
1个男性,1boy
1个男孩,1boy
1个男生,1boy
1男性,1boy
1男孩,1boy
1男生,1boy
一个男性,1boy
一个男孩,1boy
一个男生,1boy
一男性,1boy
一男孩,1boy
一男生,1boy
男性,1boy
男孩,1boy
男生,1boy
单独人物,solo
单人,solo
杰作,masterpiece
最佳质量,best quality
官方艺术,official art
非常详细的CG统一8k壁纸,extremely detailed CG unity 8k wallpaper
非常详细,extremely detailed
8k壁纸,8k wallpaper
壁纸,wallpaper
插画,illustration
风景,landscape
窗户,window
长发,long_hair
乳房,breasts
看向阅图者,looking_at_viewer
脸红,blush
微笑,smile
笑容,smile
短发,short_hair
张嘴的,open_mouth
刘海,bangs
蓝眼睛,blue_eyes
多个女孩,multiple_girls
短裙,skirt
金发,blonde_hair
巨乳,large_breasts
棕色头发,brown_hair
朴素的背景,simple_background
衬衫,shirt
黑发,black_hair
发饰,hair_ornament
红眼睛,red_eyes
含过膝袜和裤袜,thighhighs
帽子,hat
手套,gloves
长袖,long_sleeves
白色背景,white_background
连衣裙,dress
丝带,ribbon
缎带,ribbon
蝴蝶结,bow
肚脐,navel
2个女性,2girls
拿着某物,holding
兽耳,animal_ears
乳沟,cleavage
延伸到两眼之间的刘海,hair_between_eyes
露肩,bare_shoulders
棕色的眼睛,brown_eyes
双马尾,twintails
普通罩杯的胸,medium_breasts
珠宝,jewelry
坐,sitting
很长的头发,very_long_hair
内衣,underwear
闭着的嘴,closed_mouth
乳头,nipples
校服,school_uniform
绿色的眼镜,green_eyes
蓝色头发,blue_hair
站立的,standing
紫色的眼睛,purple_eyes
锁骨,collarbone
内裤,panties
短裤,panties
裤袜,panties
单色画,monochrome
尾巴,tail
夹克,jacket
泳装,swimsuit
全身,full_body
画出了全身,full_body
闭上的眼睛,closed_eyes
发绳,hair_ribbon
黄色的眼睛,yellow_eyes
武器,weapon
兵器,weapon
马尾,ponytail
上半身,upper_body
紫色头发,purple_hair
屁股,ass
粉红色的头发,pink_hair
白衬衫,white_shirt
漫画,comic
三股辫,braid
花,flower
呆毛,ahoge
短袖,short_sleeves
蝴蝶结发圈,hair_bow
纯黑白色,greyscale
黑白照片化,greyscale
异性恋,hetero
白发,white_hair
男性特写,male_focus
心,heart
心形,heart
爱心,heart
连裤袜,pantyhose
裤袜,pantyhose
比基尼,bikini
披在耳前的发绺,sidelocks
大腿,thighs
裸体,nude
红发,red_hair
七分身镜头,cowboy_shot
百褶裙,pleated_skirt
汗水,sweat
发箍,hairband
贫乳,small_breasts
娇小的乳房,small_breasts
耳环,earrings
多色的头发,multicolored_hair
长靴,boots
灰色的头发,grey_hair
白发,grey_hair
银发,grey_hair
躺着的,lying
打码的,censored
花边,frills
张开的嘴唇,parted_lips
分离袖子,detached_sleeves
闭着一只眼,one_eye_closed
户外,outdoors
野战,outdoors
食物,food
日式服装,japanese_clothes
多个男孩,multiple_boys
绿发,green_hair
翅膀,wings
敞开的衣服,open_clothes
天空,sky
领带,necktie
角,horns
有角的,horns
阴茎,penis
鞋子,shoes
眼镜,glasses
眼镜娘,glasses
裸足,barefoot
短裤,shorts
水手服,serafuku
小穴,pussy
牙齿,teeth
白天,day
以单独人物为焦点,solo_focus
无袖,sleeveless
项圈,choker
角色换装,alternate_costume
舌头,tongue
妖精耳,pointy_ears
袜子,socks
黑色手套,black_gloves
长手套,elbow_gloves
发夹,hairclip
虎牙,fang
条纹样式的,striped
腹部,midriff
蓬蓬的袖子,puffy_sleeves
光泽,shiny
回眸,looking_back
皮带,belt
腰带,belt
剑,sword
翻领衬衫,collared_shirt
裤子,pants
云,cloud
作者署名,artist_name
黑色高筒裤,black_thighhighs
眼泪,tears
室内,indoors
猫耳,cat_ears
银发,silver_hair
白手套,white_gloves
3个女性,3girls
头发上别着花,hair_flower
虚拟Youtuber,virtual_youtuber
签名,signature
褐色皮肤,dark_skin
抬起手,hand_up
张开腿,spread_legs
M字张腿,spread_legs
桃色蹲姿,spread_legs
V字张腿,spread_legs
精液,cum
2个男性,2boys
兜帽,hood
性交,sex
迷你裙,miniskirt
宽大的袖子,wide_sleeves
吐舌头,tongue_out
无指手套,fingerless_gloves
仰躺,on_back
直刘海,blunt_bangs
黑色短裙,black_skirt
领结,bowtie
腋下,armpits
粉红色的眼睛,pink_eyes
水手领,sailor_collar
和服,kimono
黑丝袜,black_legwear
中等长发,medium_hair
水,water
灰色背景,grey_background
项链,necklace
迷你角色,chibi
露肩式,off_shoulder
包,bag
发髻,hair_bun
团子头,hair_bun
掀起衣物,clothes_lift
围巾,scarf
披风,cape
背影,from_behind
推特用户名,twitter_username
胸罩,bra
小腹,stomach
百合,yuri
指甲油,nail_polish
汗珠,sweatdrop
橙色头发,orange_hair
白色连衣裙,white_dress
盔甲,armor
手持武器,holding_weapon
黑色的鞋,black_footwear
白色内裤,white_panties
兔子耳朵,rabbit_ears
痣,mole
制服,uniform
头发遮住了一只眼睛,hair_over_one_eye
露齿笑,grin
爆乳,huge_breasts
含角色名,character_name
黑色眼睛,black_eyes
围裙,apron
模糊的,blurry
看着另一个,looking_at_another
背心,vest
黑色连衣裙,black_dress
高跟鞋,high_heels
举着手,arm_up
两条辫子,twin_braids
阴道,vaginal
打了马赛克,mosaic_censoring
红色蝴蝶结,red_bow
平胸,flat_chest
贫乳,flat_chest
举起手,arms_up
侧马尾,side_ponytail
有光泽的 头发,shiny_hair
手镯,bracelet
激凸的乳头,covered_nipples
隐约可见的乳头,covered_nipples
项圈,collar
脚,feet
付上日期的,dated
角色的侧面,from_side
水蓝色眼睛,aqua_eyes
毛衣,sweater
白色长筒袜,white_thighhighs
对话框,speech_bubble
会话气泡,speech_bubble
双色头发,two-tone_hair
紧身连身衣裤,leotard
芭蕾服,leotard
红色丝带,red_ribbon
小型双股辫,two_side_up
英语,english_text
黑皮肤的女性,dark-skinned_female
素描,sketch
树,tree
敞开的夹克,open_jacket
杯子,cup
嘴唇,lips
蓝天,blue_sky
蓬蓬的短袖,puffy_short_sleeves
绝对领域,zettai_ryouiki
蓝色短裙,blue_skirt
腹股沟,groin
耻丘,groin
指甲,fingernails
外套,coat
湿透的,wet
沾湿的,wet
猫尾巴,cat_tail
白丝袜,white_legwear
领巾,neckerchief
歪着头,head_tilt
黑色夹克,black_jacket
官方替代服装,official_alternate_costume
有其他颜色条纹的头发,streaked_hair
半透明的,see-through
可透过看到里层衣物,see-through
因沾湿而变透明,see-through
橙色的眼镜,orange_eyes
手叉着腰,hand_on_hip
手搁在腰上,hand_on_hip
枪,gun
有光泽的皮肤,shiny_skin
露腹短上衣,crop_top
和袖子分开的手腕的袖口,wrist_cuffs
枕头,pillow
书,book
耳绒毛,animal_ear_fluff
破损的衣服,torn_clothes
格子呢图案,plaid
女仆,maid
袖子长过手腕,sleeves_past_wrists
看向侧面,looking_to_the_side
及膝袜,kneehighs
灰色的眼睛,grey_eyes
军事,military
饰带,sash
日式束腰,sash
分开的刘海,parted_bangs
女仆头饰,maid_headdress
双腿,legs
花瓣,petals
角色扮演,cosplay
黑色内裤,black_panties
黑色连裤袜,black_pantyhose
皮草款式,fur_trim
毛皮镶边,fur_trim
裸臂,bare_arms
阴毛,pubic_hair
双手朝上,hands_up
双手抬起,hands_up
双手举起,hands_up
一体式泳衣,one-piece_swimsuit
符号形瞳孔,symbol-shaped_pupils
狐耳,fox_ears
萝莉,loli
阿斯科特领巾,ascot
热裤,short_shorts
德式倾斜镜头,dutch_angle
服装切口,clothing_cutout
黑色衬衫,black_shirt
睫毛,eyelashes
敞开的衬衫,open_shirt
裸腿,bare_legs
不含人类,no_humans
西服衬衫,dress_shirt
菱形或星形的闪光,sparkle
黑条打码,bar_censor
跪着,kneeling
窗,window
眼角有痣,mole_under_eye
4个女性,4girls
单股辫,single_braid
拥抱,hug
连体紧身衣,bodysuit
比V,v
剪刀手,v
没穿胸罩,no_bra
无袖衬衫,sleeveless_shirt
钟,bell
铃,bell
唾液,saliva
团子头,double_bun
无肩带款式,strapless
水蓝色头发,aqua_hair
无修正,uncensored
军服,military_uniform
黑色丝带,black_ribbon
黑色头饰,black_headwear
床,bed
血,blood
四格漫画,4koma
连帽衫,hoodie
侧乳,sideboob
侧颜,profile
爱液,pussy_juice
淫水,pussy_juice
完全裸体,completely_nude
黑蝴蝶结,black_bow
隐约入目的肚脐,covered_navel
化妆,makeup
纹身,tattoo
皮肤的凹陷,skindentation
身体前倾,leaning_forward
颈部系着缎带,neck_ribbon
肌肉,muscular
下半身真空,no_panties
大腿缠着带子,thigh_strap
面具,mask
披肩,capelet
渐变色的头发,gradient_hair
多角度,multiple_views
多姿势,multiple_views
女巫帽,witch_hat
版权署名,copyright_name
肛门,anus
发型变化,alternate_hairstyle
水果,fruit
下乳,underboob
南半球,underboob
假领,detached_collar
夜,night
无袖连衣裙,sleeveless_dress
纽扣,buttons
飘动的头发,floating_hair
骆驼趾,cameltoe
侧绑比基尼底部,side-tie_bikini_bottom
蓝色洋装,blue_dress
狐狸尾巴,fox_tail
内射,cum_in_pussy
中出,cum_in_pussy
脚趾,toes
裸下半身,bottomless
黑色比基尼,black_bikini
阴影,shadow
鼻子发红,nose_blush
发光的,glowing
红色裙子,red_skirt
模糊的背景,blurry_background
玫瑰,rose
蔷薇,rose
双脚不在图内,feet_out_of_frame
牵手,holding_hands
床单,bed_sheet
扫把状刘海,swept_bangs
仿制的动物耳朵,fake_animal_ears
锁链,chain
胡须,facial_hair
6个以上的女性,6+girls
兄弟姐妹,siblings
高领服饰,turtleneck
鸟,bird
拟鸟化,bird
耳机,headphones
海,ocean
彩色皮肤,colored_skin
手臂支撑动作,arm_support
雨伞,umbrella
虹膜异色,heterochromia
低扎双尾,low_twintails
绕颈系带,halterneck
动物,animal
皱眉,frown
贝雷帽,beret
高帮靴,thigh_boots
叶子,leaf
害羞,embarrassed
第一人称视角,pov
只扎了一边的头发,one_side_up
后背,back
在床上,on_bed
俯视镜头,from_above
吊带袜的吊带,garter_straps
白色头饰,white_headwear
水印,watermark
正面可见的屁股,ass_visible_through_thighs
尖牙,fangs
蓝色背景,blue_background
透明背景,transparent_background
高开衩的衣物,highleg
白色比基尼,white_bikini
侧卧,on_side
格子呢短裙,plaid_skirt
伤痕,scar
纯手绘,traditional_media
用嘴叼着,mouth_hold
鸭子坐,wariza
模仿捏他别的作品及人物,parody
海滩,beach
椅子,chair
卷发,wavy_hair
蓝色蝴蝶结,blue_bow
束发套,hair_tubes
脸部有图案,facial_mark
绷带,bandages
露出上排牙齿,upper_teeth
移开视线,looking_away
女性阴毛,female_pubic_hair
表情贴纸,blush_stickers
钻头发型,drill_hair
拉起掀起卷起衬衫,shirt_lift
无口,expressionless
中国风,chinese_clothes
黑色项链,black_choker
和服腰带,obi
抓住,grabbing
抓着,grabbing
棕色鞋类,brown_footwear
双手背到身后,arms_behind_back
咀嚼,eating
内裤走光,pantyshot
没穿鞋,no_shoes
赤裸上身,topless
拉开衣物,clothes_pull
手持剑,holding_sword
心形瞳孔,heart-shaped_pupils
心形眼,heart-shaped_pupils
肉腿,thick_thighs
短裙,short_dress
脚底,soles
俯视,looking_down
将裙子掀上去,skirt_lift
电话,phone
手机,phone
魔法少女,magical_girl
眼罩,eyepatch
填料布偶玩具,stuffed_toy
绑住的,bound
薯片嘴型,wavy_mouth
交叉双臂,crossed_arms
飞扬的汗珠,flying_sweatdrops
进气口发型,hair_intakes
黑色短裤,black_shorts
边框,border
花花公子兔子,playboy_bunny
月亮,moon
正装,formal
穿洞,piercing
腹肌,abs
封面,cover
抬起腿,leg_up
凉鞋,sandals
仰视镜头,from_below
半闭的双眼,half-closed_eyes
露出的乳沟,cleavage_cutout
阳光,sunlight
勃起,erection
桌子,table
单包子头,single_hair_bun
黑色长裤,black_pants
用嘴,oral
快乐,happy
幸福,happy
红色连衣裙,red_dress
猫,cat
只穿着内衣,underwear_only
蹲,squatting
工口蹲,squatting
发束,scrunchie
粉色背景,pink_background
校内泳衣,school_swimsuit
死库水,school_swimsuit
墨镜,sunglasses
睾丸,testicles
射在身上,cum_on_body
西装夹克,blazer
头巾式室内女帽,mob_cap
颤抖,trembling
白色鞋类,white_footwear
黑皮男性,dark-skinned_male
戒指,ring
睡觉,sleeping
狼耳朵,wolf_ears
背包,backpack
单腿站立,standing_on_one_leg
女式内衣,lingerie
及膝靴,knee_boots
透过头发可以看到的眼睛,eyes_visible_through_hair
带有缎带的帽子,hat_ribbon
天使光环,halo
茶色头发,light_brown_hair
揉胸,breast_grab
日本刀,katana
毛绒玩具,stuffed_animal
波波头,bob_cut
浓眉,thick_eyebrows
蝙蝠翅膀,bat_wings
开襟衫,cardigan
魅魔,demon_girl
交叉的腿,crossed_legs
花边连衣裙,frilled_dress
背带,suspenders
白色短裙,white_skirt
3个男性,3boys
头盔,helmet
头部装甲,helmet
头部防护罩,helmet
白色夹克,white_jacket
呆毛,antenna_hair
放下的兜帽,hood_down
多云天气,cloudy_sky
伸出双臂,outstretched_arms
手机,cellphone
圆斑点,polka_dot
十字,cross
哭,crying
无袖紧身背心,tank_top
瓶子,bottle
老化,aged_down
5个女性,5girls
脱衣,undressing
草,grass
跨界作品,crossover
火,fire
弯腰,bent_over
王冠,crown
皇冠,crown
羽毛,feathers
西装,suit
皇冠头饰,tiara
浅笑,light_smile
花边裙子,frilled_skirt
乳房露出,breasts_out
高马尾,high_ponytail
小刀,knife
胸肌,pectorals
情侣,couple
仰视,looking_up
眉毛,eyebrows
牛仔布,denim
拿着食物,holding_food
双手合十,own_hands_together
头绳,hair_bobbles
跨坐,straddling
X形发饰,x_hair_ornament
燕子领,wing_collar
白色蝴蝶结,white_bow
趴着,on_stomach
乳晕,areolae
植物,plant
黑色发带,black_hairband
蓝色衬衫,blue_shirt
口红,lipstick
唇膏,lipstick
伸出手臂,outstretched_arm
捆绑play,bondage
短双尾发型,short_twintails
口交,fellatio
马耳,horse_ears
机器人,robot
蓝色丝带,blue_ribbon
女上位,girl_on_top
窗帘,curtains
白色的花,white_flower
掀起自己的衣物,lifted_by_self
用手指着,pointing
动物印花,animal_print
人外娘,monster_girl
长柄武器,polearm
肌肉男性,muscular_male
粉色蝴蝶结,pink_bow
猫瞳,slit_pupils
朱丽叶袖,juliet_sleeves
母豹pose,all_fours
泛指从身后插入的体位,sex_from_behind
姐妹,sisters
猫娘,cat_girl
月牙,crescent
刺刺的头发,spiked_hair
工作人员,staff
把手放在自己的胸口,hand_on_own_chest
蓝色水手领,blue_sailor_collar
拉下来的内裤,panty_pull
樱花,cherry_blossoms
花边袖子,frilled_sleeves
罩衫,blouse
鲨鱼牙,sharp_teeth
锯齿牙,sharp_teeth
红领带,red_necktie
白袜子,white_socks
封面,cover_page
蓝色夹克,blue_jacket
毛巾,towel
牙齿紧咬,clenched_teeth
阴沉脸,shaded_face
风,wind
护目镜,goggles
紧身裤,bike_shorts
私服,casual
女装少年,otoko_no_ko
伪娘,otoko_no_ko
黑色背景,black_background
地面载具,ground_vehicle
胸针,brooch
头上有翅膀,head_wings
绿色的裙子,green_skirt
乐福鞋,loafers
护腕,gauntlets
精灵,elf
粉色内裤,pink_panties
没穿着裤子和裙子,no_pants
T恤,t-shirt
红色的花,red_flower
黑色内衣,black_bra
条纹内裤,striped_panties
多条尾巴,multiple_tails
建筑,building
腕带,wristband
肩甲,shoulder_armor
恶魔的角,demon_horns
吻,kiss
亲吻,kiss
接吻,kiss
狐娘,fox_girl
乳沟里,between_breasts
挤压胸部,breast_press
惊讶,surprised
只有一条腿有穿着,single_thighhigh
凌乱的头发,messy_hair
体现运动的线,motion_lines
带有蝴蝶结的帽子,hat_bow
刀鞘,sheath
护套,sheath
蝴蝶,butterfly
小孩,child
与上衣搭配的短裙,skirt_set
特制的裙子套装,skirt_set
黑色袜子,black_socks
缎带饰边,ribbon_trim
群P,group_sex
群交,group_sex
第三只眼,third_eye
乐器,instrument
兔子尾巴,rabbit_tail
宽银幕格式,letterboxed
流口水,drooling
袴,hakama
腿衣,hakama
握紧的手,clenched_hand
箱子,box
运动鞋,sneakers
苍白的皮肤,pale_skin
性爱玩具,sex_toy
红色衬衫,red_shirt
红色鞋类,red_footwear
音符,musical_note
宝石,gem
马娘,horse_girl
渔网,fishnets
流苏,tassel
湿衣服,wet_clothes
侧边系带内裤,side-tie_panties
红色领结,red_bowtie
性转,genderswap
暴露的穿着,revealing_clothes
遮盖的动作,covering
颜射,facial
正前缩距透视法,foreshortening
糖果,candy
大自然,nature
原设服装改编,adapted_costume
肛门,anal
肛交,anal
着衣肛交,anal
骑乘位肛交,anal
穿耳洞,ear_piercing
粉色连衣裙,pink_dress
蒸汽,steam
狗耳朵,dog_ears
类似警帽的帽子,peaked_cap
恶魔尾巴,demon_tail
半身像,portrait
腕标,armband
风景,scenery
简单巧妙的打码,convenient_censoring
女服务员围裙,waist_apron
拿着枪,holding_gun
呼吸,breath
蕾丝镶边,lace_trim
夜空,night_sky
射精,ejaculation
中国服饰,china_dress
头襟,tokin_hat
兜巾,tokin_hat
双手抱头,arms_behind_head
沙发,couch
紧扣的双手,interlocked_fingers
蕾丝,lace
面纱,veil
黑色指甲,black_nails
绳,rope
从正面打结的衣物,front-tie_top
大叔,bara
麦克风,microphone
创可贴,bandaid
男性的阴毛,male_pubic_hair
袴裙,hakama_skirt
带蝴蝶结的内裤,bow_panties
手风扇,hand_fan
白色围裙,white_apron
嘴角有痣,mole_under_mouth
美人痣,mole_under_mouth
婚纱手套,bridal_gauntlets
无肩带连衣裙,strapless_dress
腐,yaoi
腐向,yaoi
机甲,mecha
发光的双眼,glowing_eyes
青筋,anger_vein
手持杯子,holding_cup
印着字的T恤,clothes_writing
仅比基尼顶部,bikini_top_only
白色丝带,white_ribbon
黑色连身衣,black_leotard
铃铛,jingle_bell
圣诞节,christmas
棒球帽,baseball_cap
向两侧摊开的乳房,breasts_apart
在摆动的头发,hair_flaps
系绳比基尼,string_bikini
披肩发,hair_over_shoulder
射在胸上,cum_on_breasts
破损的裤袜,torn_legwear
双钻头发型,twin_drills
直发,straight_hair
衣服很紧显露出身体曲线或肢体特征,skin_tight
黄色背景,yellow_background
网址,web_address
无上框眼镜,semi-rimless_eyewear
发怒,angry
连帽夹克,hooded_jacket
羽翼,feathered_wings
浅紫色的头发,light_purple_hair
机动载具,motor_vehicle
面向镜头,facing_viewer
斗篷,cloak
狼尾巴,wolf_tail
抱起,carrying
披在一侧的单条辫子,side_braid
束腰,corset
眼镜别在头上,eyewear_on_head
爪,claws
迷你比基尼,micro_bikini
红色指甲,red_nails
光粒子,light_particles
珍妮鞋,mary_janes
阴茎包围网,multiple_penises
旗袍类衣物的前摆,pelvic_curtain
顶起双膝,knees_up
红色背景,red_background
无辜的眼神,tareme
眼神柔弱,tareme
红色头饰,red_headwear
触手,tentacles
步枪,rifle
食指抬起,index_finger_raised
紫色连衣裙,purple_dress
智能手机,smartphone
胡须,beard
衣服放在一边,clothing_aside
竖条纹,vertical_stripes
单侧长着角,single_horn
明亮的瞳孔,bright_pupils
乳交,paizuri
灰色上衣,grey_shirt
多色款衣服,multicolored_clothes
红色的围巾,red_neckerchief
手抵在嘴唇边,finger_to_mouth
舔,licking
特写镜头,close-up
勃起的乳头,puffy_nipples
扎起或卷起一部分长发,short_hair_with_long_locks
条纹长筒袜,striped_thighhighs
四只耳朵,extra_ears
雪,snow
雪原,snow
吊梢眼,tsurime
黑色领带,black_necktie
扣,buckle
可男可女,androgynous
疤痕在脸上,scar_on_face
法式辫子,french_braid
条纹裤袜,striped_legwear
白色边框,white_border
红色夹克,red_jacket
满月,full_moon
脖子铃,neck_bell
从人的下方往上瞥,upskirt
眼神交流,eye_contact
脸部,face
双色调背景,two-tone_background
额头,forehead
正坐,seiza
乳晕走光,areola_slip
黄色的蝴蝶结,yellow_bow
蓝色比基尼,blue_bikini
镜头光晕,lens_flare
粉红色的花,pink_flower
毛茸茸,furry
兽人,furry
礼物,gift
臂章,armlet
粉色指甲,pink_nails
尖刺,spikes
带钉的,spikes
吊坠,pendant
深渊船,abyssal_ship
涉水,wading
把手放在自己脸上,hand_on_own_face
侧面有缝的服饰,side_slit
1个非人类,1other
双重人格,dual_persona
手枪,handgun
书桌,desk
无袖紧身背心,camisole
自慰,masturbation
棕色手套,brown_gloves
酒,alcohol
盘子,plate
拘束,restrained
绿色蝴蝶结,green_bow
棱纹毛衣,ribbed_sweater
交叉系带鞋,cross-laced_footwear
事后,after_sex
扫帚,broom
手淫,handjob
没有脸部细节的,faceless
带O型环的衣物,o-ring
卷起的袖子,sleeves_rolled_up
把嘴的一部分画成虎牙状,skin_fang
展现魅力的姿势,curvy
圣诞帽,santa_hat
会话气泡里带爱心,spoken_heart
喘粗气,heavy_breathing
球,ball
女仆围裙,maid_apron
发圈,hair_scrunchie
发束,hair_scrunchie
抱着胸部,breast_hold
酒杯,drinking_glass
眼影,eyeshadow
马尾,horse_tail
灰色短裙,grey_skirt
拟人化,personification
头饰被摘下,headwear_removed
摘下头饰,headwear_removed
低扎马尾,low_ponytail
同人封面,doujin_cover
女上位,cowgirl_position
机械武装,machinery
森林,forest
掀起裙子,dress_lift
红色手套,red_gloves
紧握的双手,clenched_hands
托盘,tray
头戴式耳机,headset
高开衩的连身衣,highleg_leotard
部分淹没,partially_submerged
驼色系,tanlines
只画了一部分腿,cropped_legs
拉链,zipper
高跟靴,high_heel_boots
浮动的,floating
在漂浮的,floating
烟,smoke
双腿抬起,legs_up
逆光,backlighting
沙漏型身材,wide_hips
安产型,wide_hips
短铅笔裙,pencil_skirt
鱼,fish
低扎长发,low-tied_long_hair
蓝色头饰,blue_headwear
单手穿着手套,single_glove
毛衣背心,sweater_vest
大型胸部,large_pectorals
飞仙髻,hair_rings
粉色短裙,pink_skirt
女神式发型,half_updo
公主辫,half_updo
反射,reflection
倒映,reflection
飞行,flying
戴起来的兜帽,hood_up
在黑白的画中特意少量使用一些颜色,spot_color
穿在裤袜里的内裤,panties_under_pantyhose
改款过的日本服饰,nontraditional_miko
兽耳模式,kemonomimi_mode
水手服款裙子,sailor_dress
单手背到身后,arm_behind_back
雀斑,freckles
星空,starry_sky
着衣性交,clothed_sex
白色胸罩,white_bra
不对称的裤子,asymmetrical_legwear
捧着书,holding_book
生日快乐,happy_birthday
单手垂放,arm_at_side
要哭的表情,tearing_up
棕色背景,brown_background
彩色巩膜,colored_sclera
袖子长过手指,sleeves_past_fingers
红色比基尼,red_bikini
长指甲,long_fingernails
圣诞老人服装,santa_costume
无肩带连身衣,strapless_leotard
吊带袜的腰带,garter_belt
6个以上的男性,6+boys
双持,dual_wielding
手铐,cuffs
红框眼镜,red-framed_eyewear
手,hands
双手,hands
雨,rain
蓝色指甲,blue_nails
指交,fingering
蓬蓬的长袖,puffy_long_sleeves
泡泡,bubble
肩章,epaulettes
泳圈,innertube
走路,walking
花边比基尼,frilled_bikini
缎带饰边袖子,ribbon-trimmed_sleeves
茶杯,teacup
万圣夜,halloween
下流的表情,naughty_face
画里只有一部分,out_of_frame
短夹克,cropped_jacket
对立式平衡,contrapposto
两腿分开,legs_apart
龙角,dragon_horns
丁字内裤,thong
蛋糕,cake
穿着衣服的女性和裸男,clothed_female_nude_male
单手托在脑后,arm_behind_head
鬼角,oni_horns
避孕套,condom
粉色丝带,pink_ribbon
短马尾,short_ponytail
碗,bowl
静脉,veins
血管凸起,veins
卷发,curly_hair
带有饰物的帽子,hat_ornament
牛仔短裤,denim_shorts
强奸,rape
轮奸,rape
凌辱,rape
恶魔翅膀,demon_wings
黑色翅膀,black_wings
珠子,beads
绿色背景,green_background
白色连裤袜,white_pantyhose
黑框眼镜,black-framed_eyewear
紫色背景,purple_background
一小时的绘画挑战,one-hour_drawing_challenge
掰开阴部,spread_pussy
掰穴,spread_pussy
掰开的阴部,spread_pussy
顶起膝盖,knee_up
书包,school_bag
洛丽塔时装,lolita_fashion
毛皮衣领,fur_collar
拿着手机,holding_phone
太阳帽,sun_hat
后入式,doggystyle
护肩,pauldrons
蓝色短裤,blue_shorts
空洞的眼神,empty_eyes
体操服,gym_uniform
黑色水手领,black_sailor_collar
会话气泡里带省略号,spoken_ellipsis
无上框眼镜,under-rim_eyewear
4个男性,4boys
长腿,long_legs
有光泽的衣服,shiny_clothes
健壮的,toned
口袋,pocket
头上别着护目镜,goggles_on_head
口内射精,cum_in_mouth
裆部隆起,bulge
一部分画到了背景框外面,outside_border
粉色衬衫,pink_shirt
轻蔑的眼神,jitome
手放在对方的头上,hand_on_another's_head
新年,new_year
裸照男性,topless_male
骷髅,skull
蓝色的花,blue_flower
睁着眼落泪,crying_with_eyes_open
紫色裙子,purple_skirt
怪物,monster
手挽自己的头发,hand_in_own_hair
日落,sunset
近未来,science_fiction
科幻,science_fiction
绿色连衣裙,green_dress
角色形象有描边,outline
矛,spear
盾,shield
脚趾甲,toenails
扶她,futanari
贫乳化,alternate_breast_size
爆乳化,alternate_breast_size
有腿环的裤袜,thighband_pantyhose
双手叉腰,hands_on_hips
双手搁在腰上,hands_on_hips
老化,aged_up
集中线,emphasis_lines
拘谨的手势,v_arms
模因,meme
女式灯笼裤,buruma
淡淡的腮红,light_blush
女性手淫,female_masturbation
花边衬衫领,frilled_shirt_collar
花边围裙,frilled_apron
不对称的发型,asymmetrical_hair
扎好的头发,tied_hair
奔跑,running
从两侧挤胸,breast_squeeze
狗,dog
高腰裙,high-waist_skirt
条纹比基尼,striped_bikini
赛用泳衣,competition_swimsuit
长裙,long_skirt
动物手,animal_hands
白色袖子,white_sleeves
冰,ice
迷你女孩,minigirl
泰迪熊,teddy_bear
双腿并拢,legs_together
手表,watch
天使的翅膀,angel_wings
运动夹克,track_jacket
黑色水手服,black_serafuku
枕着头,head_rest
托着头,head_rest
狗尾巴,dog_tail
抓着屁股,ass_grab
蜷起来的马尾,folded_ponytail
帽子被摘下,hat_removed
摘下帽子,hat_removed
舰炮,turret
戴眼镜的,bespectacled
乳房上有痣,mole_on_breast
蓝色,blue_theme
绺发发带,tress_ribbon
蓝色鞋类,blue_footwear
有不现实的包裹程度的衣服,impossible_clothes
冰棒,popsicle
棒冰,popsicle
爪子姿势,paw_pose
金色镶边,gold_trim
白色的皮肤,white_skin
无脸部男性,faceless_male
幽灵,ghost
红色围巾,red_scarf
兔子,rabbit
蓝色的一件泳衣,blue_one-piece_swimsuit
披巾,shawl
披帛,shawl
精灵球,poke_ball
紫色蝴蝶结,purple_bow
白色瞳孔,white_pupils
只一边戴着耳环,single_earring
裹胸布,sarashi
身材丰满的,plump
棕色短裙,brown_skirt
双膝并拢双脚分开,knees_together_feet_apart
浴衣,yukata
手插在口袋里,hand_in_pocket
香烟,cigarette
白色水手领,white_sailor_collar
手放在两腿之间,hand_between_legs
戴着护套的,sheathed
入鞘的,sheathed
双胞胎,twins
披下来的头发,hair_down
年龄差,age_difference
吸管,drinking_straw
龙娘,dragon_girl
页码,page_number
倒挂的,upside-down
敞开式外套,open_coat
鬼,oni
黑色腰带,black_belt
严肃的,serious
高领,high_collar
牛仔裤,jeans
棕色连裤袜,brown_pantyhose
傻笑,smirk
得意的笑,smirk
军帽,military_hat
光照,light_rays
异物插入,object_insertion
有伤的,injury
体现内心想法的会话气泡,thought_bubble
棕色夹克,brown_jacket
迷你帽子,mini_hat
蓝色内裤,blue_panties
礼袍,robe
黑色外套,black_coat
姿势,pose
搭肩衫,tabard
黄丝带,yellow_ribbon
黑色背心,black_vest
棒棒糖,lollipop
条纹衬衫,striped_shirt
环状耳环,hoop_earrings
股沟,butt_crack
黄色衬衫,yellow_shirt
睡衣,pajamas
有patreon用户名,patreon_username
乳摇,bouncing_breasts
矿石,crystal
头冠,circlet
灯笼,lantern
红玫瑰,red_rose
条纹蝴蝶结,striped_bow
现代改编,contemporary
正常位,missionary
睁大眼睛,wide-eyed
水滴,water_drop
巧克力,chocolate
符纸,ofuda
眉毛被头发隐藏,eyebrows_hidden_by_hair
礼帽,top_hat
麻花辫马尾,braided_ponytail
跳跃的,jumping
胸甲,breastplate
岩石,rock
简朴的画作,oekaki
从背后抱上来,hug_from_behind
一种发卡夹成的发型特征,hairpin
伸出的手,outstretched_hand
白色短裤,white_shorts
前景模糊,blurry_foreground
手提包,handbag
部分无指手套,partially_fingerless_gloves
筷子,chopsticks
抱着某物,object_hug
身高差,height_difference
镜子,mirror
皮带扣,belt_buckle
粉色的嘴唇,pink_lips
运动内衣,sports_bra
彩色的睫毛,colored_eyelashes
情人节,valentine
花束,bouquet
整张脸泛红,full-face_blush
木地板,wooden_floor
白色发带,white_hairband
台阶,stairs
带柄的杯子,mug
马克杯,mug
下雪,snowing
纸张,paper
脸上有血,blood_on_face
触手头发,tentacle_hair
黑色领结,black_bowtie
山,mountain
蓝色领带,blue_necktie
运动服,sportswear
挎包,shoulder_bag
单肩背包,shoulder_bag
白色和服,white_kimono
遮着乳房,covering_breasts
水下,underwater
婚纱,wedding_dress
巫女,miko
星形发饰,star_hair_ornament
撑伞,holding_umbrella
成熟的男性,mature_male
城市,city
蛇,snake
ACG流行款服装,meme_attire
跳蛋,vibrator
眼中闪现强烈的情感,glint
人偶,doll
玩偶,doll
只画了一部分躯干,cropped_torso
拨弄衣服,adjusting_clothes
灯笼裤,bloomers
兽耳头罩,animal_hood
绿色夹克,green_jacket
女仆装,enmaided
战斗姿态,fighting_stance
摆着架势的,fighting_stance
头发上系着铃铛,hair_bell
内裤挪到一边,panties_aside
写上去的字,sign
撅嘴,pout
射在头发上,cum_on_hair
挥手,waving
露背装,backless_outfit
冰淇淋,ice_cream
飞行器,aircraft
优雅地提着裙子,skirt_hold
写实的,realistic
借鉴的角色,borrowed_character
草莓,strawberry
额前有图案,forehead_mark
运动导致的模糊,motion_blur
有多种颜色的眼睛,multicolored_eyes
缠着绷带的手臂,bandaged_arm
老鼠耳朵,mouse_ears
文字元素,text_focus
翻开的书,open_book
鼻子,nose
汤勺,spoon
橙色蝴蝶结,orange_bow
一只脚上挂着内裤,panties_around_one_leg
粉色胸罩,pink_bra
动漫里的没有缝的牙齿,round_teeth
卡片,card
成熟的女性,mature_female
扬起的双眉,raised_eyebrows
姐弟,brother_and_sister
兄妹,brother_and_sister
白色的一件泳衣,white_one-piece_swimsuit
一只眼被遮住,one_eye_covered
高领毛衣,turtleneck_sweater
交叉的刘海,crossed_bangs
前领带比基尼上衣,front-tie_bikini_top
内层挑染,colored_inner_hair
双手插在兜里,hands_in_pockets
护士帽,nurse_cap
八分音符,eighth_note
正中间开口的服装,center_opening
遮阳帽,visor_cap
阴核,clitoris
栅栏,fence
头巾,bandana
发带,hair_tie
胡子,mustache
脚镯,anklet
木屐,geta
椰树,palm_tree
皮带,leash
龙,dragon
公主发型,hime_cut
水手帽,sailor_hat
白色裤子,white_pants
豆豆眉,short_eyebrows
短眉毛,short_eyebrows
沙,sand
锚形符号,anchor_symbol
灰色夹克,grey_jacket
手持法杖,holding_staff
胡茬,stubble
挡住嘴巴,covering_mouth
饮料,drink
绿色头饰,green_headwear
触角,antennae
蓝色皮肤,blue_skin
黄色的花,yellow_flower
脸朝下屁股朝上,top-down_bottom-up
假阴茎,dildo
臀部为焦点,hip_focus
缶,can
白色连身衣,white_leotard
门,door
坐在人身上,sitting_on_person
绿色衬衫,green_shirt
餐叉,fork
眼睛上的疤痕,scar_across_eye
青蛙发饰,frog_hair_ornament
在地板上,on_floor
异色,alternate_color
伸展双臂,spread_arms
橙色背景,orange_background
遮眼,blindfold
眼罩,blindfold
理头发,adjusting_hair
黑色的一件泳衣,black_one-piece_swimsuit
龙尾,dragon_tail
照相机,camera
不对称的刘海,asymmetrical_bangs
圆形眼镜,round_eyewear
口罩,mouth_mask
皱着眉头,furrowed_brow
舔嘴唇,licking_lips
拱背,arched_back
魔杖,wand
紫色的花,purple_flower
草帽,straw_hat
纹章,emblem
扇子,folding_fan
幻想,fantasy
音乐,music
啊嘿颜比V,double_v
苹果,apple
低腰款式,lowleg
双手垂放,arms_at_sides
绿色丝带,green_ribbon
锐利的手指甲,sharp_fingernails
太阳,sun
露肩连衣裙,off-shoulder_dress
用夹克披肩,jacket_on_shoulders
跨人种的,interracial
向日葵,sunflower
一部分头部没画进框里,head_out_of_frame
毯子,blanket
暖袖,arm_warmers
炮,cannon
长连衣裙,long_dress
仿造的尾巴,fake_tail
猥亵,groping
白大褂,labcoat
猿辔,gag
塞口物,gag
侧身坐,yokozuwari
尤指女性刚性交时畏缩的表情,wince
用手扶着,railing
哥特萝莉,gothic_lolita
抹胸比基尼,bandeau
兔子女孩,rabbit_girl
头发长度变化,alternate_hair_length
地平线,horizon
粉色鞋类,pink_footwear
心形发饰,heart_hair_ornament
白色翅膀,white_wings
记名牌,name_tag
静脉凸起的阴茎,veiny_penis
紫色丝带,purple_ribbon
发髻盖,bun_cover
解开纽扣后,unbuttoned
单腿抬高,leg_lift
棕色头饰,brown_headwear
粉色比基尼,pink_bikini
山羊胡,goatee
黑色紧身衣,black_bodysuit
拿着衣服,holding_clothes
高开衩的内裤,highleg_panties
花朵点缀的背景,floral_background
有花香的感觉,floral_background
天使,angel
中文,chinese_text
肌肉发达的女性,muscular_female
时钟,clock
分支,branch
正太,shota
人魂,hitodama
把手放在自己的脸颊上,hand_on_own_cheek
乳贴,pasties
棕色的裤袜,brown_legwear
蓝色和服,blue_kimono
无檐帽,beanie
黑色巩膜,black_sclera
可以看见一部分外阴,partially_visible_vulva
犬娘,dog_girl
里面穿着泳衣,swimsuit_under_clothes
人造人,android
手触碰帽子,hand_on_headwear
吸烟,smoking
母乳,lactation
搾乳,lactation
喷乳,lactation
红色发带,red_hairband
解开的衣物,untied
没穿好的衣物,untied
眼球,eyeball
衬裙,petticoat
毛茸茸的女性,furry_female
露肩衬衫,off-shoulder_shirt
背靠背,back-to-back
足袋,tabi
带着花的帽子,hat_flower
超短裙,microskirt
红色斗篷,red_cape
勒着下胸围的衣服,underbust
乳头走光,nipple_slip
脸上有食物,food_on_face
阿嘿颜,ahegao
学兰,gakuran
书架,bookshelf
篮子,basket
战甲裙,armored_dress
下臂护甲,vambraces
标志,logo
南瓜灯,jack-o'-lantern
敷衍的打码,pointless_censoring
菱形花纹,argyle
系带靴,lace-up_boots
小圆点鼻,dot_nose
交叉吊带,criss-cross_halter
角色公仔,character_doll
紫色衬衫,purple_shirt
屁股为焦点,ass_focus
衣服的抽绳,drawstring
报童帽,cabbie_hat
妖精的翅膀,fairy_wings
百奇,pocky
吊带裙,suspender_skirt
挂肩宽阔外长裤,suspender_skirt
拉开拉链的,unzipped
从背后揉胸,grabbing_from_behind
从背后抓住胸部,grabbing_from_behind
尾饰,tail_ornament
唾液拉丝,saliva_trail
轮廓,silhouette
黑色袖子,black_sleeves
有领连衣裙,collared_dress
大乳晕,large_areolae
膝窝,kneepits
手放在对方的肩上,hand_on_another's_shoulder
裆部的缝,crotch_seam
默剧漫画,silent_comic
体格差,size_difference
紫色指甲,purple_nails
脸上贴着创可贴,bandaid_on_face
礼品盒,gift_box
狼女孩,wolf_girl
绷紧的衣服,taut_clothes
御币,gohei
白色围巾,white_scarf
大阴茎,large_penis
蒙住的嘴,covered_mouth
温泉,onsen
锚,anchor
轮奸,gangbang
蓝色长裤,blue_pants
蝴蝶发饰,butterfly_hair_ornament
白色外套,white_coat
红色背心,red_vest
集合绘,everyone
喝,drinking
黄色的阿斯科特,yellow_ascot
蓝色手套,blue_gloves
军用载具,military_vehicle
复古Artstyle,retro_artstyle
身体往后靠,leaning_back
奶牛系印花,cow_print
海军制服,naval_uniform
牛耳朵,cow_ears
冬装,winter_clothes
在头上,on_head
太阳裙,sundress
背心裙,sundress
吉他,guitar
新娘吊袜带,bridal_garter
高开衩的泳衣,highleg_swimsuit
没画出鼻子,no_nose
起风效果,wind_lift
上升气流,wind_lift
拿着花,holding_flower
笔,pen
泳池,pool
胸口带花边的服装,center_frills
抓住手臂,arm_grab
青蛙,frog
双分镜漫画,2koma
蓝色领结,blue_bowtie
电,electricity
方格的衣服,checkered_clothes
心形马赛克,heart_censor
玻璃,glass
瓷砖,tiles
细肩带,spaghetti_strap
细吊带,spaghetti_strap
肩带式,spaghetti_strap
魔女,witch
扶眼镜,adjusting_eyewear
连指手套,mittens
旗,flag
指甲油,toenail_polish
胸甲,muneate
朱唇,red_lips
头上,headpat
敬礼,salute
结婚戒指,wedding_ring
棕色的大腿,brown_thighhighs
阅读,reading
黑色斗篷,black_cape
手腕被束缚,bound_wrists
栗子嘴,chestnut_mouth
踝靴,ankle_boots
手镯,bangle
女服务员,waitress
大镰刀,scythe
自拍照,selfie
韩文,korean_text
紫色比基尼,purple_bikini
外卷发型,flipped_hair
双排纽扣,double-breasted
发簪,hair_stick
教室,classroom
泛指覆盖面少的吊带胸罩,strap_gap
面向别处,facing_away
飞机,airplane
不均匀的腿衣,uneven_legwear
超长的头发,absurdly_long_hair
蓝色大腿,blue_thighhighs
有台词的,talking
色差,chromatic_aberration
沙滩球,beachball
汽车,car
平顶帽,flat_cap
司机帽,flat_cap
以食品为主题的发饰,food-themed_hair_ornament
女儿,female_child
手表,wristwatch
得意脸,smug
耳罩,earmuffs
魔法,magic
皮草夹克,fur-trimmed_jacket
内陷乳头,inverted_nipples
背心裙,pinafore_dress
无袖连衣裙,pinafore_dress
拉下自己的衣物,pulled_by_self
被塞口的,gagged
手朝向自己嘴,hand_to_own_mouth
修女,nun
舰装,rigging
比基尼当内衣,bikini_under_clothes
角上有饰物,horn_ornament
射满脸,bukkake
光,light
战斗,battle
比试,battle
战争,battle
游戏,battle
水桶,bucket
表示角色注意到了什么的线条,notice_lines
双手放在自己的胸口,hands_on_own_chest
护士,nurse
盆栽,potted_plant
啦啦队,cheerleader
路,road
裸背,bare_back
衬衫外有其他衣服,shirt_tucked_in
装甲靴,armored_boots
玩弄乳头,nipple_tweak
表疑惑的会话气泡,spoken_question_mark
榻榻米,tatami
耳钉,stud_earrings
机娘,mecha_musume
三角头巾,triangular_headpiece
蜜缝,cleft_of_venus
哈卡马短裙,hakama_short_skirt
性暗示,sexually_suggestive
眼线,eyeliner
画风模仿,style_parody
牛角,cow_horns
蛇形发饰,snake_hair_ornament
蛙头发饰,snake_hair_ornament
动物系装扮,animal_costume
拿着精灵球,holding_poke_ball
突击步枪,assault_rifle
脚重点,foot_focus
逆强奸,femdom
灯,lamp
轻轻向侧面瞥,sideways_glance
长凳,bench
忍者,ninja
浅蓝色头发,light_blue_hair
带蝴蝶结的胸罩,bow_bra
裸体且穿着衬衫,naked_shirt
灌木,bush
幸福的做爱,happy_sex
控制器,controller
鳞片,scales
蜡烛,candle
头发遮着双眼,hair_over_eyes
城市背景,cityscape
骑,riding
工作服,overalls
管顶,tube_top
掀到头上的面具,mask_on_head
咬,biting
眼袋,bags_under_eyes
婚纱头纱,bridal_veil
错误的人体结构,bad_anatomy
解开的裤子拉链,open_fly
法式冠编发,crown_braid
兔子玩偶,stuffed_bunny
迷你皇冠,mini_crown
莎笼,sarong
沙滩浴巾,sarong
白色毛衣,white_sweater
棕色连衣裙,brown_dress
关节,joints
妖精,fairy
粉色头饰,pink_headwear
冰翼,ice_wings
遮着裆部,covering_crotch
日荫,shade
日本铠甲,japanese_armor
紫色内裤,purple_panties
棕色皮带,brown_belt
水手服款衬衫,sailor_shirt
三角嘴,triangle_mouth
高潮,orgasm
绝顶,orgasm
桃,peach
黑暗,dark
湿衬衫,wet_shirt
露趾裤袜,toeless_legwear
手伸来方向的视角,pov_hands
钥匙,key
红色和服,red_kimono
耳后有头发,hair_behind_ear
拥抱自己的腿,hugging_own_legs
线缆,cable
绯袴,red_hakama
创造物,creature
气泡,air_bubble
朝画外伸手,reaching_out
小学书包,randoseru
宇宙,space
鸟翅膀,bird_wings
洛丽塔发带,lolita_hairband
百褶连衣裙,pleated_dress
5个男性,5boys
入浴,bathing
印花裤袜,print_legwear
油纸伞,oil-paper_umbrella
驾驶员专用服,pilot_suit
武装带,holster
嘴里有食物,food_in_mouth
蓝色连身衣,blue_leotard
盘腿坐,indian_style
鱼网连裤袜,fishnet_pantyhose
自己的手紧紧抓住,own_hands_clasped
扶桑花,hibiscus
异瞳,alternate_eye_color
课桌,school_desk
印花和服,print_kimono
爪印图案,paw_print
乳袋,breast_pocket
匕首,dagger
压在墙上,against_wall
红色内裤,red_panties
在笑的,laughing
单侧面包,single_side_bun
红色项圈,red_choker
双手放在自己的脸上,hands_on_own_face
盘起来的头发,hair_up
发情,steaming_body
嘎哦,claw_pose
蕾丝边裤袜,lace-trimmed_legwear
湿头发,wet_hair
黄色比基尼,yellow_bikini
星星眼,star-shaped_pupils
EVA驾驶员服,plugsuit
露出一只乳房,one_breast_out
发色变化,alternate_hair_color
雪花,snowflakes
绳子,string
双手比心,heart_hands
胡萝卜,carrot
圆斑背景,polka_dot_background
洗澡,bath
蓝玫瑰,blue_rose
交叉花边服饰,cross-laced_clothes
喝醉的,drunk
红色裤袜,red_legwear
乌纱,tate_eboshi
花边衬衫,frilled_shirt
鞘,scabbard
麻布,sack
兽爪手套,paw_gloves
护腕,bracer
乱伦,incest
阳伞,parasol
月牙发饰,crescent_hair_ornament
拉伸,stretching
襷,tasuki
黑色项圈,black_collar
肛门物体插入,anal_object_insertion
白色轮廓,white_outline
浣熊耳朵,raccoon_ears
秋叶,autumn_leaves
不对称的翅膀,asymmetrical_wings
肛门内射,cum_in_ass
连体裤袜,bodystocking
缎带项圈,ribbon_choker
提着包,holding_bag
樱丘女子高等学校校服,sakuragaoka_high_school_uniform
锥头发包,cone_hair_bun
星形图案,star_print
星形印花,star_print
办公室女职员,office_lady
脸部画有图案,facepaint
娇小的,petite
手接触到对方的脸,hand_on_another's_face
鸟居,torii
计算机,computer
茶壶,teapot
红酒杯,wine_glass
束腕,wrist_scrunchie
船艇,watercraft
服装上有露出肚脐的开口,navel_cutout
斧头,axe
羽毛发饰,feather_hair_ornament
拿着扇子,holding_fan
鹿角,antlers
拿着瓶子,holding_bottle
拉链的拉片,zipper_pull_tab
勾玉,magatama
南瓜,pumpkin
虎耳,tiger_ears
装饰性的角,fake_horns
系绳内裤,string_panties
腰间的翅膀,low_wings
羽织,haori
蕾丝边内裤,lace-trimmed_panties
新年快乐,happy_new_year
紫色手套,purple_gloves
十二生肖,chinese_zodiac
透明的,transparent
射在衣服上,cum_on_clothes
修道服,habit
万圣节装扮,halloween_costume
拖鞋,slippers
腹部,belly
黑色边框,black_border
双色裤袜,mismatched_legwear
黑色毛衣,black_sweater
乳头穿刺,nipple_piercing
像素绘,pixel_art
日式点心,wagashi
手臂有纹身,arm_tattoo
绳缚,shibari
泳衣晒痕,one-piece_tan
红色大腿,red_thighhighs
粉色和服,pink_kimono
衣物紧紧的,tight
托着盘子,holding_tray
棕色衬衫,brown_shirt
艺术家徽标,artist_logo
毛茸茸的男性,furry_male
船形帽,garrison_cap
卫戍帽,garrison_cap
军便帽,garrison_cap
紫色夹克,purple_jacket
比基尼裙,bikini_skirt
渔网袜,fishnet_legwear
新月形装饰,crescent_hat_ornament
服装露出髋部侧面,hip_vent
吸血鬼,vampire
在衣服上鲜血,blood_on_clothes
黄色的脖子,yellow_neckerchief
露出虎牙,fang_out
露出尖牙,fang_out
鼠尾巴,mouse_tail
魔法阵,magic_circle
流鼻血,nosebleed
灰色连衣裙,grey_dress
先走汁,precum
护膝,knee_pads
秃头,bald
手放在头上,hand_on_own_head
高开衩的比基尼,highleg_bikini
抓住自己的乳房,grabbing_own_breast
弯曲的角,curled_horns
巨人,giant
邪恶的笑容,evil_smile
立绘,tachi-e
连肩衣袖,raglan_sleeves
打开开衫,open_cardigan
牛角族,draph
手臂带,arm_strap
黑色和服,black_kimono
腿部丝带,leg_ribbon
红色短裤,red_shorts
褪下的裤袜,pantyhose_pull
虎纹,tiger_print
很短的头发,very_short_hair
样品水印,sample_watermark
条纹背景,striped_background
不对称的服饰,asymmetrical_clothes
公主抱,princess_carry
分层连衣裙,layered_dress
短下摆和服,short_kimono
避孕套包装,condom_wrapper
大腿,thighlet
手碰着自己的下巴,hand_on_own_chin
紫色头饰,purple_headwear
短裤穿在裤袜外面,legwear_under_shorts
微微露出腹部,midriff_peek
绿色比基尼,green_bikini
灵气,aura
蓝色胸罩,blue_bra
踢,kicking
肩胛骨,shoulder_blades
拿着刀,holding_knife
害怕的,scared
遥望,looking_afar
事后阴道特写,after_vaginal
鱼雷,torpedo
强壮的,manly
跳舞,dancing
分层的半裙,layered_skirt
茶,tea
头上戴着花冠,head_wreath
很短的手套,half_gloves
半截手套,half_gloves
分层的衣袖,layered_sleeves
墙,wall
扛在肩上,over_shoulder
乳帘,crop_top_overhang
粉色夹克,pink_jacket
萌向的内八腿,pigeon-toed
敞开的和服,open_kimono
气球,balloon
带O型环的上衣,o-ring_top
男用内裤,male_underwear
单膝跪,one_knee
带有羽毛的帽子,hat_feather
画笔,paintbrush
手指比W,w
男孩,male_child
带O型环的比基尼,o-ring_bikini
机械臂,mechanical_arms
紫色大腿,purple_thighhighs
美人鱼,mermaid
胫甲,greaves
母女,mother_and_daughter
用过的避孕套,used_condom
黄色连衣裙,yellow_dress
一次性纸杯,disposable_cup
参考表,reference_sheet
露背连衣裙,backless_dress
皮革,leather
张开的手,open_hand
露肩装,shoulder_cutout
蕾丝边胸罩,lace-trimmed_bra
头上有动物,animal_on_head
注连绳,shimenawa
七五三绳,shimenawa
有版权署名,company_name
大洗联队军服,ooarai_school_uniform
蓝色背心,blue_vest
裸露的胸部,bare_pectorals
公开猥亵,public_indecency
绿色皮肤,green_skin
素线画,lineart
阳光,sunbeam
裸体且裹着毛巾,naked_towel
红色ascot,red_ascot
关键部位在画面外,out-of-frame_censoring
黄色裙子,yellow_skirt
胸部贴着胸部,symmetrical_docking
田野,field
竹子,bamboo
尾巴ascot,tail_raised
扶她和女性,futa_with_female
表不满和发牢骚的符号,squiggle
拟声词,sound_effects
绑着绷带的腿,bandaged_leg
星形耳环,star_earrings
多重形象的角色,multiple_persona
有限色盘作画,limited_palette
枫叶,maple_leaf
快亲上了,imminent_kiss
二男加一女,mmf_threesome
建筑,architecture
黄色夹克,yellow_jacket
蓝色的围巾,blue_neckerchief
抓着腿,leg_grab
拿着麦克风,holding_microphone
圆斑蝴蝶结,polka_dot_bow
卧室,bedroom
手持长柄武器,holding_polearm
吸奶,breast_sucking
竖大拇指,thumbs_up
衣服系在腰上,clothes_around_waist
手炮,arm_cannon
红色连身衣,red_leotard
一种漫画中常见的网点状的组色组图画法,halftone
裸体围裙,naked_apron
唱歌,singing
格子地板,checkered_floor
撒尿,peeing
失禁,peeing
无袖高领毛衣,sleeveless_turtleneck
尿,pee
在沙发上,on_couch
爆炸,explosion
手臂被束缚,bound_arms
手铐,shackles
镣铐,shackles
枷锁,shackles
头发披在胸上,hair_over_breasts
绿色的指甲,green_nails
肩部纹身,shoulder_tattoo
二穴,double_penetration
即将受孕,imminent_penetration
帽盔式发型,undercut
铅笔,pencil
大屁股,huge_ass
掀上去的胸罩,bra_lift
弹弓泳衣,slingshot_swimsuit
吊带泳衣,slingshot_swimsuit
V字泳衣,slingshot_swimsuit
废墟,ruins
夏天,summer
盖着被子的,under_covers
正在下坠的,falling
动画化,animification
偶像,idol
灰色的裤子,grey_pants
十字架项链,cross_necklace
格子呢背心,plaid_vest
紫色裤袜,purple_legwear
铁十字架,iron_cross
兽耳族,erune
大件物品的吊带,strap
Tracen校服,tracen_school_uniform
浣熊尾巴,raccoon_tail
瓷砖地板,tile_floor
牛铃,cowbell
黑化,dark_persona
坦克,tank
条纹连衣裙,striped_dress
鱼人耳,head_fins
人鱼耳,head_fins
鳍状耳朵,head_fins
棕色长裤,brown_pants
藤曼,vines
拉开裙子,skirt_pull
蘑菇,mushroom
房子,house
印花衬衫,print_shirt
以作者本人为蓝本,artist_self-insert
名称连接,name_connection
日式英语,ranguage
紧身裤,leggings
袖口,sleeve_cuffs
带钉手镯,spiked_bracelet
摘眼镜,eyewear_removed
白色斗篷,white_cape
身体皮毛,body_fur
紫色鞋类,purple_footwear
蓝色发带,blue_hairband
长鬓角,long_sideburns
黑猫,black_cat
会话气泡里带感叹号,spoken_exclamation_mark
脸贴脸,face-to-face
恼怒的,annoyed
淫纹,pubic_tattoo
狐狸面具,fox_mask
米色背景,beige_background
缝合的缝线,stitches
握着头发,holding_hair
手指绕着头发,holding_hair
阴道异物插入,vaginal_object_insertion
大尺寸武器,huge_weapon
电视,television
比基尼盔甲,bikini_armor
黑色围巾,black_scarf
盃,sakazuki
三格漫画,3koma
垫肩,shoulder_pads
手指没放在扳机上,trigger_discipline
独眼,one-eyed
悲伤的,sad
黑色连帽衫,black_hoodie
浴室,bathroom
性感女性睡衣,babydoll
甜甜圈,doughnut
托胸,arm_under_breasts
胸部互碰,asymmetrical_docking
胸顶着胸,asymmetrical_docking
三人夹三明治,sandwiched
歪着的头饰,tilted_headwear
舌吻,french_kiss
拉着裤子,pants_pull
兜裆布,fundoshi
热裤,cutoffs
手放在自己的膝盖上,hand_on_own_knee
耳机挂在脖子上,headphones_around_neck
迷彩,camouflage
妖娆的腰,narrow_waist
游戏王决斗怪兽,duel_monster
隐形椅子,invisible_chair
毛衣连衣裙,sweater_dress
手放自己大腿,hand_on_own_thigh
黑色的围巾,black_neckerchief
扯着比基尼,bikini_pull
老的,old
踮起脚尖,tiptoes
面包,bread
平台鞋,platform_footwear
白色披风,white_capelet
舔阴,cunnilingus
白玫瑰,white_rose
星空背景,starry_background
短裙里穿着短裤,shorts_under_skirt
脸颊上的疤痕,scar_on_cheek
方格背景,checkered_background
耳机,earphones
橙色短裙,orange_skirt
飞溅,splashing
被窝,futon
圈圈眼,ringed_eyes
条纹领带,striped_necktie
学生证,id_card
身份证,id_card
抱着动物,holding_animal
M字摆腿,m_legs
连体泳衣,casual_one-piece_swimsuit
星帽装饰,star_hat_ornament
液体滴落,dripping
美式短袜,bobby_socks
锚形发饰,anchor_hair_ornament
解开部分纽扣,partially_unbuttoned
新月,crescent_moon
头发很多的,big_hair
有色眼镜,tinted_eyewear
移动门,sliding_doors
手臂袜带,arm_garter
白色的眼睛,white_eyes
配音演员的连接,voice_actor_connection
透视,x-ray
头上的叶子,leaf_on_head
牛娘,cow_girl
白色项圈,white_choker
吸烟管,smoking_pipe
广角镜头,wide_shot
握住他人的手腕,holding_another's_wrist
灰色鞋类,grey_footwear
砖墙,brick_wall
蒙住的眼,covered_eyes
解开的比基尼,untied_bikini
在身上写字,body_writing
分开,split
骑扫帚,broom_riding
手铐,handcuffs
泡脚,soaking_feet
没画出瞳孔,no_pupils
花边内裤,frilled_panties
拿着礼物,holding_gift
水蓝色指甲,aqua_nails
毛皮镶边袖子,fur-trimmed_sleeves
冬季,winter
收缩的瞳孔,constricted_pupils
搁着胸部,breast_rest
灰色皮肤,grey_skin
在地上,on_ground
有两条尾巴,two_tails
bonnet女帽,bonnet
包皮,foreskin
脐钉,navel_piercing
两色连衣裙,two-tone_dress
太极图,yin_yang
花边蝴蝶结,frilled_bow
蓝色的领饰,blue_neckwear
单脚不在图内,foot_out_of_frame
头上有非头饰类的物体,object_on_head
叶子发饰,leaf_hair_ornament
紫色和服,purple_kimono
以动物为焦点,animal_focus
手臂丝带,arm_ribbon
粉色主题,pink_theme
粉红玫瑰,pink_rose
虎尾,tiger_tail
脱下的鞋,shoes_removed
脸部有纹身,facial_tattoo
拿着水果,holding_fruit
曲奇,cookie
手里拿着游戏机,handheld_game_console
带钉项圈,spiked_collar
橙色衬衫,orange_shirt
断肢,disembodied_limb
截面图,cross-section
西瓜,watermelon
护臂,arm_guards
翻白眼,rolling_eyes
一只脚没穿鞋子,single_shoe
桥,bridge
女女男3P,ffm_threesome
烟花,fireworks
紫色,purple_theme
站立后入,standing_sex
美少女战士制服,sailor_senshi_uniform
无框眼镜,rimless_eyewear
米,rice
心胸针,heart_brooch
L和R不分的英文,engrish_text
抓着床单,sheet_grab
部分上色,partially_colored
抬腿露阴,folded
额前有宝石,forehead_jewel
徽章,badge
黑板,chalkboard
绿色的内裤,green_panties
注射器,syringe
蓝色围巾,blue_scarf
坐在大腿上,sitting_on_lap
辣妹,gyaru
白色皮毛,white_fur
残像,afterimage
内容等级,content_rating
黄色领带,yellow_necktie
紫色皮肤,purple_skin
纪念日,anniversary
印花比基尼,print_bikini
酒,sake
健美男,toned_male
其实插进去了吧,implied_sex
遮挡了性交的结合处,implied_sex
凳子,stool
不对称的手套,asymmetrical_gloves
多个性别暧昧的角色,multiple_others
显示器,monitor
东方风格建筑,east_asian_architecture
涟漪,ripples
波纹,ripples
内侧穿着长袖外面套着短袖衣服,short_over_long_sleeves
冲锋枪,submachine_gun
彩虹,rainbow
鞋底,shoe_soles
啤酒,beer
兄弟,brothers
腋窝皱褶,armpit_crease
唐伞妖怪,karakasa_obake
蛋,egg
水瓶,water_bottle
脱下的短裙,skirt_removed
红色,red_theme
红色主题,red_theme
肥胖的,fat
大号美女,fat
卷轴,scroll
狮子耳朵,lion_ears
心形耳环,heart_earrings
锤子,hammer
原作画风,official_style
官方画风,official_style
jaggy线条,jaggy_lines
内含Q版形象,chibi_inset
透过树叶洒下的阳光,dappled_sunlight
绿色背心,green_vest
巨大少女,giantess
连帽披巾,hooded_cloak
红色皮肤,red_skin
美少年,bishounen
眼睛里有符号,symbol_in_eye
低腰内裤,lowleg_panties
被肏到恍惚,fucked_silly
被干得不要不要,fucked_silly
指向看图的人,pointing_at_viewer
破损的衬衫,torn_shirt
异种奸,interspecies
异种爱,interspecies
过大号的衣服,oversized_clothes
扎头发,tying_hair
狙击步枪,sniper_rifle
颈环,neck_ring
喂食,feeding
迷你礼帽,mini_top_hat
碎边饰物,fringe_trim
边缘装饰物,fringe_trim
被皮肤包着的角,skin-covered_horns
花边胸罩,frilled_bra
兔子头发装饰,rabbit_hair_ornament
深棕色,sepia
乌贼墨色,sepia
棋子,chess_piece
行星,planet
红色裤子,red_pants
棕色毛衣,brown_sweater
印花内裤,print_panties
有问题的作画,error
粉红色的大腿,pink_thighhighs
多色背景,multicolored_background
胸部走光,downblouse
浴缸,bathtub
蓝色项圈,blue_choker
樱花,cherry
樱桃,cherry
老二立帐篷,erection_under_clothes
舔阴茎,licking_penis
摩托车,motorcycle
白色紧身衣,white_bodysuit
身体泛红,body_blush
淫荡的表情,torogao
束在正面的马尾,front_ponytail
露肩毛衣,off-shoulder_sweater
红色的角,red_horns
灰色的裤袜,grey_legwear
圣诞树,christmas_tree
迦勒底制服,chaldea_uniform
汗衫,undershirt
仅比基尼底部,bikini_bottom_only
棕色外套,brown_coat
镶边皮草大衣,fur-trimmed_coat
坐垫,cushion
灰色短裤,grey_shorts
国立音乃木坂学院女子制服,otonokizaka_school_uniform
演奏乐器,playing_instrument
山羊角,goat_horns
警察,police
黄色领结,yellow_bowtie
毛皮镶边手套,fur-trimmed_gloves
僵尸,jiangshi
电线,power_lines
伸出小拇指,pinky_out
腹甲,faulds
用了透视画法,perspective
腰包,belt_pouch
肋骨,ribs
内裤已被脱下,panties_removed
白色无袖紧身背心,white_tank_top
为耳朵留洞的头饰,ears_through_headwear
被两个女孩夹在中间,girl_sandwich
拿着填充玩具,holding_stuffed_toy
路灯,lamppost
蓝色紧身裤,blue_legwear
硬币,coin
犯困的,sleepy
室内鞋,uwabaki
端着碟子,holding_plate
小尺寸短裤,micro_shorts
新娘,bride
游戏控制器,game_controller
剪刀,scissors
长外套,long_coat
诱人的微笑,seductive_smile
白金色头发,platinum_blonde_hair
胸毛,chest_hair
马,horse
斜倒斜躺姿势,reclining
双关语,pun
赛车女郎,race_queen
绷紧的衬衫,taut_shirt
挥拳,punching
背面骑乘位,reverse_cowgirl_position
生日,birthday
粉色裤袜,pink_legwear
贝壳,shell
肮脏的,dirty
熊耳朵,bear_ears
穿着衣服的男性和裸女,clothed_male_nude_female
赛博人类,cyborg
胶衣,latex
破碎的,broken
羊角,sheep_horns
头碰头,heads_together
狩衣,kariginu
喊叫,shouting
绿色主题,green_theme
摇尾巴,tail_wagging
拉开衬衫,shirt_pull
珠子手链,bead_bracelet
格子呢衬衫,plaid_shirt
八分音符,beamed_eighth_notes
直接,straight-on
运动服,track_suit
抱枕,pillow_hug
细带款比基尼,multi-strapped_bikini
动物化,animalization
白色腰带,white_belt
大呆毛,huge_ahoge
选哪个好呢,take_your_pick
男用泳裤,male_swimwear
不安的,nervous
变态,pervert
茶杯托,saucer
白色领结,white_bowtie
坐在椅子上,on_chair
皱眉,light_frown
珠子项链,bead_necklace
挫伤,bruise
带着尖角的发型,pointy_hair
泡泡袜,loose_socks
拉丝的精液,cum_string
棕色短裤,brown_shorts
手捧花束,holding_bouquet
绿领带,green_necktie
向一侧倾斜身体,leaning_to_the_side
蓝色毛衣,blue_sweater
咖啡,coffee
渔网长筒袜,fishnet_thighhighs
扑克牌,playing_card
角色特征有关联,trait_connection
黑色披肩,black_capelet
小丑帽,jester_cap
头发往后捋,hair_slicked_back
往后梳的头发,hair_slicked_back
背头发型,hair_slicked_back
无神的双眼,blank_eyes
夏季制服,summer_uniform
黑色领子,black_neckwear
丰满的,fat_mons
未完成,unfinished
花边发带,frilled_hairband
大件物体,oversized_object
拿着乐器,holding_instrument
口球,ball_gag
蓝色斗篷,blue_cape
背带,harness
抓着躯干,torso_grab
猫又,nekomata
骨架,skeleton
条纹弓,striped_bowtie
老人,old_man
种植,planted
头发往后扎,hair_pulled_back
烹饪,cooking
角上系着缎带,horn_ribbon
沙滩伞,beach_umbrella
红色披肩,red_capelet
白色连帽衫,white_hoodie
圣诞快乐,merry_christmas
膝枕,lap_pillow
暗示性的白色液体,suggestive_fluid
触手奸,tentacle_sex
表哼歌的会话气泡,spoken_musical_note
蓬蓬裙,bubble_skirt
玩偶球形关节,doll_joints
灰色毛衣,grey_sweater
在泳池边,poolside
自信的女性,assertive_female
老鼠,mouse
睡衣,nightgown
汉堡包,burger
拉下的胸罩,bra_pull
怀孕,pregnant
常盘台中学校服,tokiwadai_school_uniform
被炉,kotatsu
动物主题帽饰,animal_hat
红色外套,red_coat
水蓝色背景,aqua_background
绿色和服,green_kimono
灰色手套,grey_gloves
棕色开襟衫,brown_cardigan
没画出眼睛,no_eyes
穿在腰部的小披风,waist_cape
毛皮,fur
过膝,over-kneehighs
腿上贴着创可贴,bandaid_on_leg
鞭子,whip
鱼尾,fish_tail
打哈欠,yawning
多色款连衣裙,multicolored_dress
躯干夸张地扭曲,twisted_torso
绿色短裤,green_shorts
表情,expressions
紫色胸罩,purple_bra
骷髅发饰,skull_hair_ornament
绿色鞋类,green_footwear
兽交,bestiality
兽奸,bestiality
异种奸,bestiality
胸肌乳沟,pectoral_cleavage
遮裆布,loincloth
葡萄酒,wine
速度线,speed_lines
紫色领结,purple_bowtie
写字板,clipboard
受损的,damaged
机械式天使光环,mechanical_halo
射在屁股上,cum_on_ass
纸扇,paper_fan
牛尾,cow_tail
粉红色的领结,pink_bowtie
圆斑内裤,polka_dot_panties
格子呢围巾,plaid_scarf
拿着筷子,holding_chopsticks
柱子,pillar
肩上的武器,weapon_over_shoulder
打游戏,playing_games
白色领子,white_collar
超级英雄,superhero
黑色无袖紧身背心,black_tank_top
女性高潮,female_orgasm
河,river
不在同时间线的角色,time_paradox
架子,shelf
站立劈叉,standing_split
站立高抬腿,standing_split
纸板箱,cardboard_box
葡萄,grapes
痴女,female_pervert
街道,street
城堡,castle
二头肌,biceps
大汗淋漓,sweating_profusely
棒球棍,baseball_bat
旗帜印花,flag_print
耳红,ear_blush
湿内裤,wet_panties
辫式发髻,braided_bun
含菱形花纹的裤子,argyle_legwear
库巴大王梗,super_crown
粉色手套,pink_gloves
胸围歧视,breast_envy
单机械臂,single_mechanical_arm
足交,footjob
平涂风格,flat_color
水上领带,aqua_necktie
红色颈圈,red_collar
胶布,tape
马甲,waistcoat
警服,police_uniform
超大乳房,gigantic_breasts
灰色头饰,grey_headwear
方格图案,checkered
拿着汤勺,holding_spoon
笔记本电脑,laptop
球体,orb
潮吹,female_ejaculation
穿衣,dressing
护额,forehead_protector
枯木,bare_tree
斜纹,diagonal_stripes
长辫子,long_braid
天狗木屐,tengu-geta
连续重复的花纹,unmoving_pattern
灰色的大腿,grey_thighhighs
黑暗背景,dark_background
黑色的角,black_horns
长袜、过膝袜等外面再穿着靴子,thighhighs_under_boots
黑色眼罩,black_blindfold
不连续嘴巴,split_mouth
红色胸罩,red_bra
企鹅,penguin
半透的袖子,see-through_sleeves
粉色项圈,pink_choker
弹幕,danmaku
单边穿着长袜,single_sock
动物项圈,animal_collar
毛衣升降机,sweater_lift
红色的毛衣,red_sweater
星星眼,sparkling_eyes
大阴茎,huge_penis
服务印刷,serval_print
书堆,book_stack
竞泳死库水,competition_school_swimsuit
手放在乳房上方,breast_suppress
把手放在自己的肚子上,hand_on_own_stomach
联动,company_connection
集换卡片,trading_card
白化病,albino
交手,hand_on_own_ass
包不住的巨乳,bursting_breasts
购物袋,shopping_bag
褶皱大腿,frilled_thighhighs
挡住脸,covering_face
服饰互换,costume_switch
多只眼睛,extra_eyes
狗牌,dog_tags
打了patreon的logo,patreon_logo
多只手臂,extra_arms
团子,dango
v字领,v-neck
铁网,chain-link_fence
尾巴系着缎带,tail_ribbon
锅,pot
肉,meat
没穿袜子,no_socks
整理头饰,adjusting_headwear
黄昏,twilight
流苏耳环,tassel_earrings
单片眼镜,monocle
蓝色外套,blue_coat
子宫,uterus
鲨鱼尾巴,shark_tail
水枪,water_gun
拿着帽子,holding_hat
病娇,yandere
箭筒,quiver
衣服上有心形的开口,heart_cutout
黄色鞋类,yellow_footwear
毛皮镶边斗篷,fur-trimmed_cape
脱下的衣服,clothes_removed
双手放在自己的脸颊上,hands_on_own_cheeks
狼,wolf
焦外成像,bokeh
露出,exhibitionism
多彩皮肤,multicolored_skin
紫色的嘴唇,purple_lips
泪珠,teardrop
毛皮装饰披肩,fur-trimmed_capelet
拿着眼镜,holding_eyewear
正在摘眼镜,holding_eyewear
吸睛的腋窝,armpit_peek
收着的伞,closed_umbrella
三白眼,sanpaku
火焰,flame
内射断面图,internal_cumshot
丁字式比基尼,thong_bikini
僵尸,zombie
船,ship
武道服,dougi
紫阳花,hydrangea
褪下短裤,shorts_pull
饭团,onigiri
麦克风杆,microphone_stand
尾巴系着蝴蝶结,tail_bow
溅血,blood_splatter
军装夹克,military_jacket
女性的腰窝,dimples_of_venus
维纳斯之眼,dimples_of_venus
骑士,knight
辫子刘海,braided_bangs
肛珠,anal_beads
秋天,autumn
手持卡片,holding_card
心形图案,heart_print
心形印花,heart_print
射击,firing
呻吟,moaning
传统的领结,traditional_bowtie
扯下泳衣,swimsuit_pull
狐狸手势,fox_shadow_puppet
腿上系着带子或工具包或枪套,thigh_holster
落花,falling_petals
玫瑰花瓣,rose_petals
罗斯瓦尔豪宅女仆制服,roswaal_mansion_maid_uniform
假肢,prosthesis
腿套,leg_warmers
暖腿袜,leg_warmers
托着胸部,breast_lift
敞开的背心,open_vest
脸色苍白,turn_pale
射在舌头上,cum_on_tongue
提灯,paper_lantern
睡帽,pillow_hat
鼓起的小腹,stomach_bulge
动物鼻子,animal_nose
自行车,bicycle
花田,flower_field
牛仔帽,cowboy_hat
一家子,family
拔出鞘的,unsheathing
实心圆眼睛,solid_circle_eyes
挡住关键部位的腿,convenient_leg
父女,father_and_daughter
面条,noodles
多列四格漫画,multiple_4koma
欠损,amputee
独脚,amputee
肢体残缺,amputee
欠损少女,amputee
漂浮物,floating_object
拿着餐叉,holding_fork
十字耳环,cross_earrings
机械关节,robot_joints
列车内部,train_interior
电车内部,train_interior
体操服,gym_shirt
面罩,visor
遮阳帽舌,visor
遮阳板,visor
露出单边肩膀,single_bare_shoulder
摩天大楼,skyscraper
电吉他,electric_guitar
粉色毛衣,pink_sweater
条纹缎带,striped_ribbon
狐狸,fox
洗脑,mind_control
口叼避孕套,condom_in_mouth
大蝴蝶结,large_bow
穿着全套盔甲的,full_armor
膝盖顶到胸部,knees_to_chest
旧式死库水,old_school_swimsuit
黄色发带,yellow_hairband
心形盒子,heart-shaped_box
花瓶,vase
轻蔑的眼神,glaring
怒视,glaring
断掉的阴茎,disembodied_penis
肚脐头发,navel_hair
小鸡,chick
敞开的连帽衫,open_hoodie
骨头,bone
粉色发带,pink_hairband
彩色技巧,colored_tips
紫色连身衣,purple_leotard
单翼,single_wing
双手各握着一根阴茎,double_handjob
心形呆毛,heart_ahoge
大葱,spring_onion
波浪,waves
内层穿着连衣裤,leotard_under_clothes
皮带拉,strap_pull
人物并排,side-by-side
握着棒子,holding_wand
彩色头发,split-color_hair
护肘,elbow_pads
无袖夹克,sleeveless_jacket
长柄勺,ladle
棕色蝴蝶结,brown_bow
黄色指甲,yellow_nails
膝盖,knees
绿色的手套,green_gloves
三叉戟,trident
实心椭圆眼睛,solid_oval_eyes
格子呢蝴蝶结,plaid_bow
展望未来,looking_ahead
花边项圈,frilled_choker
啤酒杯,beer_mug
飞行甲板,flight_deck
裸体且缠着丝带,naked_ribbon
葫芦,gourd
胸部有纹身,chest_tattoo
心形巧克力,heart-shaped_chocolate
红色翅膀,red_wings
左轮手枪,revolver
相框,picture_frame
贴合程度不合逻辑的衬衫,impossible_shirt
低腰比基尼,lowleg_bikini
微微渗出的爱液,pussy_peek
红色紧身衣,red_bodysuit
眨眼睛,blinking
内衣肩带,bra_strap
金,gold
笔记本,notebook
妖狐,kitsune
垂下的长鬈发,ringlets
背上的武器,weapon_on_back
黄色巩膜,yellow_sclera
电线杆,utility_pole
绶带,aiguillette
胸前有宝石,chest_jewel
节肢动物女孩,arthropod_girl
绕颈裙,halter_dress
衬衣式连衣裙,halter_dress
露背吊带裙,halter_dress
披在两侧的两条辫子,side_braids
条纹裙,striped_skirt
微微露出内裤,panty_peek
短领带,short_necktie
锁,lock
抓着对方的头发,grabbing_another's_hair
手拉着吊带,holding_strap
竖起来的衣领,popped_collar
男装,reverse_trap
男装丽人,reverse_trap
抱着球,holding_ball
条纹围巾,striped_scarf
混浴,mixed_bathing
坏掉的眼神,crazy_eyes
口哨,whistle
齿轮,gears
软呢帽,fedora
水手服,sailor
连帽外套,hooded_coat
蓝色连帽衫,blue_hoodie
钱,money
加尔格·马可大修道院制服,garreg_mach_monastery_uniform
没画出嘴,no_mouth
毛皮镶边连衣裙,fur-trimmed_dress
抓着自己的屁股,grabbing_own_ass
反握,reverse_grip
双手放在自己的膝盖上,hands_on_own_knees
拿着易拉罐,holding_can
不与本体相连的翅膀,detached_wings
三点贴纸,maebari
细条纹图案,pinstripe_pattern
冬衣,winter_coat
无脸部女性,faceless_female
起床,waking_up
单手戴着过肘的手套,single_elbow_glove
展会女郎装束,showgirl_skirt
杖,cane
橙色比基尼,orange_bikini
看向裤裆的视角,pov_crotch
塔,tower
很瘦的身材,skinny
冰淇淋筒,ice_cream_cone
圆斑比基尼,polka_dot_bikini
棕色马甲,brown_vest
宝座,throne
瀑布,waterfall
心形乳贴,heart_pasties
西装,business_suit
戳,poking
傍晚,evening
精液射到空中,projectile_cum
白领带,white_necktie
解开纽扣的衬衫,unbuttoned_shirt
闪电,lightning
不对称的袖子,asymmetrical_sleeves
印花短裙,print_skirt
雕像,statue
宝宝,baby
腕带,wrist_ribbon
蝴蝶翅膀,butterfly_wings
深蓝色头发,dark_blue_hair
亚人,monster_boy
蹲下女牛仔位置,squatting_cowgirl_position
人群,crowd
紧身胸衣,bustier
鼻梁上贴着创可贴,bandaid_on_nose
暗精灵,dark_elf
白色灯笼裤,white_bloomers
裂痕,crack
开裆的,crotchless
机关枪,machine_gun
毛巾在头上,towel_on_head
蓝色的火焰,blue_fire
带蝴蝶结的发带,bow_hairband
子弹,bullet
耳罩,ear_covers
中等长裙子,medium_skirt
珍珠项链,pearl_necklace
抓着大腿,thigh_grab
流泪,streaming_tears
船,boat
怀表,pocket_watch
医用口罩,surgical_mask
裸着裆部但没画小穴,no_pussy
长摆风衣,trench_coat
撕裂的衣服,torn_dress
熊,bear
白色的脖子,white_neckerchief
螃蟹,crab
信,letter
红色发束,red_scrunchie
黄色短裤,yellow_shorts
手上的血,blood_on_hands
假小子,tomboy
男上体位,boy_on_top
带状腿部的腿衣,ribbon-trimmed_legwear
蓝色紧身衣,blue_bodysuit
掰开肛门,spread_anus
粉红色领带,pink_necktie
互挽手臂,locked_arms
红色灯笼裤,red_buruma
腿被束缚,bound_legs
动物胡须,whiskers
络腮胡,whiskers
人体彩绘,bodypaint
张开双手,open_hands
剥下裙子胸口的部分,dress_pull
雪人,snowman
厕所,toilet
坐便器,toilet
竖条纹衬衫,vertical-striped_shirt
肩上有动物,animal_on_shoulder
绘画,drawing
陵樱学园制服,ryouou_school_uniform
热的,hot
胸部开口出猫头剪影的服装,cat_cutout
垂直条纹的大腿,vertical-striped_thighhighs
景观,landscape
裆胯以下裸着,no_legwear
融合,fusion
合体,fusion
载具的特写,vehicle_focus
傲娇,tsundere
厨房,kitchen
黄色主题,yellow_theme
在想象的,imagining
绿色的裤子,green_pants
败北,defeat
胸罩可以通过衣服可见,bra_visible_through_clothes
菱形背景,argyle_background
瓷砖墙,tile_wall
披着毛巾的脖子,towel_around_neck
足球服,soccer_uniform
储物柜,locker
胯部,crotch
牛奶,milk
鞋类,toeless_footwear
橙色领结,orange_bowtie
绳结,flower_knot
手摸着对方的脸颊,hand_on_another's_cheek
正要被强奸,imminent_rape
邪恶的露齿笑,evil_grin
褶皱枕头,frilled_pillow
脱下夹克,jacket_removed
脱下的夹克,jacket_removed
剥开衣服,assisted_exposure
新月销,crescent_pin
酒瓶,wine_bottle
老虎,tiger
格子裙,checkered_skirt
花边衣领,frilled_collar
猫系内衣,cat_lingerie
长舌头,long_tongue
海盗帽,pirate_hat
路标,road_sign
巨乳萝莉,oppai_loli
烟斗,kiseru
鸟尾巴,bird_tail
黄色手套,yellow_gloves
活力,energy
死,death
胖子,fat_man
撕裂的裙子,torn_skirt
海星,starfish
图书馆,library
处男杀手毛衣,virgin_killer_sweater
要被强奸的flag,you_gonna_get_raped
黄色头饰,yellow_headwear
印花蝴蝶结,print_bow
手指并拢,fingers_together
乌鸦,crow
蝙蝠印花,bat_print
哑光,muted_color
没有外壳,unsheathed
手托着对方的下巴,hand_on_another's_chin
袖子往上拉起,sleeves_pushed_up
黄色内裤,yellow_panties
猫系发饰,cat_hair_ornament
橙色连衣裙,orange_dress
从三点剥开的比基尼,bikini_aside
露出部分后背的衣服,back_cutout
泳装晒痕,bikini_tan
教师,teacher
摘花,defloration
外星人,alien
绿色领结,green_bowtie
肛尾,anal_tail
游戏机,game_console
含心形的背景,heart_background
桃色背景,heart_background
灵魂之石,soul_gem
把嘴画在侧脸,sideways_mouth
泡泡,soap_bubbles
在书桌上,on_desk
服装,costume
团扇,uchiwa
黑皮,very_dark_skin
单格漫画,1koma
网点图背景,halftone_background
腿部纹身,leg_tattoo
任天堂switch,nintendo_switch
机械翼,mechanical_wings
摘下的面具,mask_removed
双层样式的服饰画法,two-sided_fabric
破损的裤子,torn_pants
害羞的,shy
扬起的眉毛,raised_eyebrow
往地上插的剑,planted_sword
运动裤,track_pants
手提箱,suitcase
吹泡泡,bubble_blowing
木条,stick
木棍样式的东西,stick
专辑封面,album_cover
学校,school
五彩斑斓的,colorful
罗马音,romaji_text
紫色领带,purple_necktie
员工制服,employee_uniform
令咒,command_spell
蜜柑,mandarin_orange
音符发饰,musical_note_hair_ornament
左右乳房动态不一,unaligned_breasts
表脸红害羞的会话气泡,spoken_blush
拍照,taking_picture
自拍,taking_picture
三叶草,clover
粉色皮肤,pink_skin
龙翼,dragon_wings
淌成一滩的精液,cum_pool
扶手椅,armchair
救生圈,lifebuoy
渐变的眼睛,gradient_eyes
浇注,pouring
倾倒,pouring
条纹连裤袜,striped_pantyhose
在眼边比剪刀手,v_over_eye
向上指,pointing_up
蓝色翅膀,blue_wings
纸巾盒,tissue_box
手持盾牌,holding_shield
课堂椅,school_chair
胡萝卜发饰,carrot_hair_ornament
克隆,clone
马克杯,coffee_mug
拿着纸,holding_paper
冬季制服,winter_uniform
山地地平线,mountainous_horizon
男性自慰,male_masturbation
蓝色的蝴蝶,blue_butterfly
心形项链,heart_necklace
夫妻,husband_and_wife
短衬衫,cropped_shirt
红色眼影,red_eyeshadow
恶魔,demon
动力装甲,power_armor
压在玻璃上,against_glass
条形码,barcode
翘起脚,feet_up
蛛网,silk
虫茧,silk
烟囱,smokestack
蛇娘,lamia
丁字式连身衣,thong_leotard
多色款裙子,multicolored_skirt
游泳,swimming
湖,lake
武器上的血,blood_on_weapon
嘴角流血,blood_from_mouth
钝结束,blunt_ends
皮夹克,leather_jacket
通过透光的织物看到人体轮廓,see-through_silhouette
从背后可看到的胸部,backboob
皮草靴,fur-trimmed_boots
蓝色袖子,blue_sleeves
当世袖,sode
手持糖果,holding_candy
食物重点,food_focus
趴在地上并翘起脚,the_pose
鱼眼镜头,fisheye
血月,red_moon
黑色皮肤,black_skin
罐子,jar
大耳朵,floppy_ears
下垂的耳朵,floppy_ears
飞机耳发型,floppy_ears
长刘海,long_bangs
白色女式背心,white_camisole
柔韧性好的,flexible
膝盖贴着创可贴,bandaid_on_knee
橙色夹克,orange_jacket
握笔,holding_pen
美国国旗腿衣,american_flag_legwear
见泷原中学校制服,mitakihara_school_uniform
七森中学校服,nanamori_school_uniform
水坑,puddle
猫耳兜帽,cat_hood
彩色外套,multicolored_jacket
荆棘,thorns
瞄准,aiming
反扣的帽子,backwards_hat
深色的乳头,dark_nipples
天使的小窗,button_gap
指着自己,pointing_at_self
握住自己的手臂,holding_own_arm
着衣乳交,paizuri_under_clothes
●REC,recording
黑色斗篷,black_cloak
多彩指甲,multicolored_nails
脸贴脸,cheek-to-cheek
挽手,arm_hug
褶皱帽子,frilled_hat
夹鼻眼镜,pince-nez
无脚眼镜,pince-nez
恶魔杀手制服,demon_slayer_uniform
倚靠,leaning
身体倾斜,leaning
没画出乳头,no_nipples
神社,shrine
恶搞的马赛克,novelty_censor
黑色西装,black_suit
机械耳,robot_ears
衣服有下半乳开口,underboob_cutout
绿色的裤袜,green_legwear
软管,hose
灰色开口衬衫,grey_cardigan
双色皮肤,two-tone_skin
随身听,digital_media_player
帕拉迪岛军装,paradis_military_uniform
耳弓,ear_bow
蓝色短裤,blue_buruma
系在前腰的蝴蝶结,waist_bow
橙色头饰,orange_headwear
香蕉,banana
紫色紧身衣,purple_bodysuit
未勃起的,flaccid
店铺,shop
蓝色袜子,blue_socks
紫色发带,purple_hairband
正装短裙,skirt_suit
裸体封面,nude_cover
无袖和服,sleeveless_kimono
动物口鼻部,snout
性别暧昧,ambiguous_gender
淋浴,showering
彼岸花,spider_lily
纸垂,shide
霓虹灯效果,neon_trim
金属项圈,metal_collar
白色acot,white_ascot
爱尔兰毛衣,aran_sweater
海豚短裤,dolphin_shorts
作者犯病,what
皮项圈,belt_collar
棕色围巾,brown_scarf
挂绳,lanyard
往上剥开的比基尼,bikini_lift
摊开屁股,spread_ass
屋顶,rooftop
章鱼,octopus
迷你翅膀,mini_wings
宽松的裤子,baggy_pants
猫爪,cat_paws
即兴插科打,improvised_gag
胳膊around养肩膀,arm_around_shoulder
落叶,falling_leaves
钓鱼竿,fishing_rod
杆子,pole
框架,framed
蜘蛛网,spider_web
黑色的花,black_flower
胶片颗粒感,film_grain
老电影滤镜,film_grain
蓬帕杜发型,pompadour
雾,fog
苦无,kunai
法师帽,wizard_hat
灰色连裤袜,grey_pantyhose
印花手套,print_gloves
亲吻脸颊,kissing_cheek
名牌neta,brand_name_imitation
一种女性展示臀部的姿势,trefoil
发光的武器,glowing_weapon
裸体毛衣,naked_sweater
正要被插入的小穴,imminent_vaginal
水蓝色蝴蝶结,aqua_bow
西洋剑,rapier
毛皮帽子,fur_hat
蜷着脚趾,toe_scrunch
扳手,wrench
马卡龙,macaron
照片为背景,photo_background
笼子,cage
撩头发,hair_tucking
母子,mother_and_son
五角星,pentagram
红色水手领,red_sailor_collar
多对翅膀,multiple_wings
EVA神经连接器,interface_headset
拨弄泳衣,adjusting_swimsuit
手叼香烟,holding_cigarette
日式草鞋,zouri
黄色毛衣,yellow_sweater
奴隶,slave
无肩带比基尼,strapless_bikini
紫玫瑰,purple_rose
食物印花,food_print
鸡,chicken
光剑,energy_sword
粉色围巾,pink_scarf
折叠风扇,folded_fan
小提琴,violin
星条旗,american_flag
手持扫帚,holding_broom
针,needle
恶魔男孩,demon_boy
2个非人类,2others
丰满的乳房,perky_breasts
漂浮,afloat
遥控器,remote_control
太多了,too_many
依靠人,leaning_on_person
蓝色的袴,blue_hakama
开门,open_door
双手头发,hands_in_hair
指尖抵着指间,steepled_fingers
睫毛膏,mascara
紧致的裤袜,pantylines
略透明的裤袜,pantylines
寿司,sushi
有具体现实的画,real_life_insert
把泳衣的裆部挪到一边,swimsuit_aside
羊,sheep
猫系男子,cat_boy
肛塞,butt_plug
绿色水手领,green_sailor_collar
奶油,cream
印花连衣裙,print_dress
没透出眼睛的眼镜,opaque_glasses
鼓,drum
毛笔,calligraphy_brush
腋毛,armpit_hair
印刷领结,print_bowtie
催眠,hypnosis
催眠术,hypnosis
闪电符号,lightning_bolt_symbol
棕色皮毛,brown_fur
关节尾,contrail
左撇子,left-handed
带O型环的下装,o-ring_bottom
竖条纹裤袜,vertical-striped_legwear
翻领夹克,collared_jacket
单边没有袖管,single_sleeve
下半身特写,lower_body
美国国旗连衣裙,american_flag_dress
蛋糕块,cake_slice
决斗,duel
肘部休息,elbow_rest
女警,policewoman
手办,figure
端着碗,holding_bowl
易爆的,explosive
瞄准镜,scope
身体上有食物,food_on_body
心形项圈,heart_choker
跳蛋,egg_vibrator
变形,transformation
变型,transformation
列车,train
电车,train
地板,floor
圆圈,circle
花边的裤袜,frilled_legwear
灰色连帽衫,grey_hoodie
袖子经过肘部,sleeves_past_elbows
凝视,staring
盯,staring
鱼鳍,fins
花边手套,frilled_gloves
数绘笔,stylus
医用眼罩,medical_eyepatch
概念艺术,concept_art
地图,map
埃及,egyptian
橙色丝带,orange_ribbon
把衣服交给,hand_under_clothes
较低的牙齿,lower_teeth
办公椅,office_chair
命运的红线,string_of_fate
角色简介,character_profile
两色衬衫,two-tone_shirt
闪光宝可梦,shiny_pokemon
七分裤,capri_pants
航天器,spacecraft
松散的领带,loose_necktie
振袖,furisode
摘下的胸罩,bra_removed
橙色的花,orange_flower
双筒望远镜,binoculars
舰C舰娘专用鞋,rudder_footwear
试管,test_tube
条纹胸罩,striped_bra
条纹尾巴,striped_tail
信封,envelope
纸袋,paper_bag
系着蝴蝶结的角,horn_bow
柠檬,lemon
绿色连身衣,green_leotard
狮子尾巴,lion_tail
大小眼,uneven_eyes
悔悟棒,rod_of_remorse
篮球,basketball
乳头贴着创可贴,bandaids_on_nipples
包子,baozi
里程碑庆典,milestone_celebration
脚的画法错误,bad_feet
开裙,open_dress
女仆比基尼,maid_bikini
肛交后,after_anal
触手吸盘,suction_cups
酒瓶,sake_bottle
多部作品的角色或元素同框,multiple_crossover
明治年间女学生制服,meiji_schoolgirl_uniform
紧身裤,tight_pants
浦之星女学院校服,uranohoshi_school_uniform
胸部走光,breast_slip
苹果糖,candy_apple
浴缸小黄鸭,rubber_duck
部分脱衣服,partially_undressed
蓝色发束,blue_scrunchie
横幅,banner
发珠,hair_beads
毛发磨损的头饰,fur-trimmed_headwear
舞者,dancer
父子,father_and_son
衣物上有爱液的水渍,pussy_juice_stain
鼠娘,mouse_girl
粉色连身衣,pink_leotard
强调一缕一缕感的发型,hair_strand
发丝,hair_strand
对原款服装反向使用布料,reverse_outfit
口香糖,chewing_gum
拉丝的爱液,pussy_juice_trail
披萨,pizza
鞋弓,footwear_bow
臂环,arm_belt
泳裤,swim_trunks
拿着毛巾,holding_towel
牛头,taur
睡帽,nightcap
被淹没的,submerged
舞台,stage
低胸装高跟鞋打扮,pumps
灰色背心,grey_vest
中指,middle_finger
松鼠耳朵,squirrel_ears
粉色短裤,pink_shorts
双色手套,mismatched_gloves
手指作手枪状,finger_gun
粉色开口衬衫,pink_cardigan
没穿衬衫,no_shirt
连帽帽子,hooded_capelet
冷糕,parfait
版权,copyright
抱着宝可梦,holding_pokemon
岸,shore
立绘阴影,drop_shadow
两色毛皮,two-tone_fur
拿着面具,holding_mask
一排人,lineup
倾斜,obliques
霰弹枪,shotgun
抓着对方屁股,grabbing_another's_ass
背景文字,background_text
马术马鞭,riding_crop
幼儿园制服,kindergarten_uniform
有衣物裹住的锁骨,covered_collarbone
蓝色披肩,blue_capelet
缠着绷带的单眼,bandage_over_one_eye
脖子挂着护目镜,goggles_around_neck
手持摄像机,holding_camera
手臂休息,arm_rest
蓝色连裤袜,blue_pantyhose
阴茎贴着脸,penis_on_face
极具立体感的乳房,framed_breasts
花形学生,flower-shaped_pupils
露出,flashing
心形眼镜,heart-shaped_eyewear
头发上有多只蝴蝶结,multiple_hair_bows
阴毛颜色,colored_pubic_hair
哥特式,gothic
波洛斯皇冠,polos_crown
倾斜的天空,gradient_sky
黑森峰女子学园军服,kuromorimine_military_uniform
穿透时射精,ejaculating_while_penetrated
咬嘴唇,lip_biting
绿色胸罩,green_bra
鸭子,duck
驮着,piggyback
镭射枪,energy_gun
投掷,throwing
加帕里符号,japari_symbol
躺在人身上,lying_on_person
红色头带,red_headband
分叉的眉毛,forked_eyebrows
手指卷着头发,hair_twirling
水手服款比基尼,sailor_bikini
有翼人,harpy
半人半鸟,harpy
鸟人族,harpy
割伤,cuts
捅到子宫,deep_penetration
腿下握颈肛交,reverse_suspended_congress
腿毛,leg_hair
溅上了涂料,paint_splatter
扯着衣物,clothes_grab
对坐体位,upright_straddle
躲藏,hiding
花边泳衣,frilled_swimsuit
头发上成对的像无线蓝牙的发饰,hairpods
双手交叉伸进袖子里,hands_in_opposite_sleeves
单边穿着过膝服饰,single_kneehigh
粉红色的脖子,pink_neckerchief
平板电脑,tablet_pc
握住另一只手臂,holding_another's_arm
松鼠尾巴,squirrel_tail
体操短裤,gym_shorts
手持内衣,holding_underwear
黑色盔甲,black_armor
海鸥,seagull
格子呢连衣裙,plaid_dress
铲子,shovel
玩具,toy
胸部疤痕,scar_on_chest
耳塞,earbuds
白色背心,white_vest
逆兔女郎,reverse_bunnysuit
黑暗,darkness
深喉,irrumatio
不对称鞋类,asymmetrical_footwear
防毒面具,gas_mask
双手放在别人的肩膀上,hands_on_another's_shoulders
假肢,prosthetic_arm
连衣裙上的蝴蝶结,dress_bow
蝙蝠发饰,bat_hair_ornament
身体标记,body_markings
多个环,multiple_rings
黄色围巾,yellow_scarf
万圣节快乐,happy_halloween
马镫袜,stirrup_legwear
把连衣裤裆部剥到一边,leotard_aside
紫色雨伞,purple_umbrella
双臂摆出W,w_arms
只拉上部分拉链,partially_unzipped
双手放在别人的脸上,hands_on_another's_face
工霞,egasumi
绷带的手,bandaged_hand
吸睛的肛门,anus_peek
骨头状饰品,bone_hair_ornament
蓝框眼镜,blue-framed_eyewear
史莱姆娘,slime_girl
女性的嘴和下半身被夹攻的体位,spitroast
端着箱子,holding_box
发言者,speaker
紫色背心,purple_vest
灰色水手领,grey_sailor_collar
三明治,sandwich
高音符号,treble_clef
腿部穿着变化,alternate_legwear
相机取景框,viewfinder
西装外套,suit_jacket
扩音器,megaphone
腹部纹身,stomach_tattoo
小人儿,miniboy
橙色紧身衣,orange_bodysuit
单手搂腰,arm_around_waist
色纸,shikishi
分层比基尼,layered_bikini
竹林,bamboo_forest
亮“枪”,penis_awe
羽毛围巾,feather_boa
舔手指,licking_finger
足底屈曲,plantar_flexion
耳朵装饰,ear_ornament
怪诞的,surreal
超现实主义,surreal
棒球服,letterman_jacket
拿着棒棒糖,holding_lollipop
拟人化,humanization
番茄,tomato
出血,bleeding
绿色的领结,green_neckwear
手榴弹,grenade
珍珠奶茶,bubble_tea
薄饼,pancake
用夹克束腰,jacket_around_waist
表不满和发牢骚的会话气泡,spoken_squiggle
兔子图案,bunny_print
扯住衬衫,shirt_tug
报纸,newspaper
汽水罐,soda_can
帽子上别着护目镜,goggles_on_headwear
素股,grinding
臀推,grinding
人形机器人,humanoid_robot
橙色发带,orange_hairband
杂志封面,magazine_cover
溜冰鞋,skates
从衣物里露出一部分阴毛,pubic_hair_peek
头发绑着多条系带,multi-tied_hair
五格漫画,5koma
战斗中的,fighting
角状头饰,horned_headwear
狮子女孩,lion_girl
背包挂件,bag_charm
幽灵尾巴,ghost_tail
流星,shooting_star
怒视,scowl
嫌弃的眼神,scowl
不满的眼神,scowl
雪花发饰,snowflake_hair_ornament
准备扣扳机的手势,finger_on_trigger
睡莲,lily_pad
木髓遮阳帽,pith_helmet
双手搂着脖子,arms_around_neck
将系头发的东西叼在嘴里,hair_tie_in_mouth
麻薯,mochi
胸部线束,chest_harness
将人抱起,lifting_person
从左往右读的漫画,left-to-right_manga
传统的Youkai,traditional_youkai
钢琴,piano
胸部开口的毛衣,open-chest_sweater
在树上,in_tree
在盒子里的,in_box
箱内女孩,in_box
簪子,kanzashi
裆部勒着的绳子,crotch_rope
棱纹连衣裙,ribbed_dress
头上的食物,food_on_head
听装啤酒,beer_can
手放在头上,hand_on_head
空中,midair
深喉,deepthroat
拇指指环,thumb_ring
不平坦的手套,uneven_gloves
叶子印花,leaf_print
弽,yugake
双腿交叉站姿,watson_cross
蔬菜,vegetable
黄玫瑰,yellow_rose
平底锅,frying_pan
踝带,ankle_ribbon
天花板,ceiling
熊猫,panda
"会话气泡里出现""!?""",spoken_interrobang
思考,thinking
鸟耳,bird_ears
嘴里画着爱心,heart_in_mouth
心形化的舌头,heart_in_mouth
手掩着嘴,hand_over_own_mouth
有翼的手臂,winged_arms
波浪褶边的领子,neck_ruff
履带,caterpillar_tracks
彩色玻璃,stained_glass
女式无袖宽内衣,chemise
圣诞节装饰品,christmas_ornaments
人与物的同名梗,object_namesake
老虎女孩,tiger_girl
裙子下的自行车短裤,bike_shorts_under_skirt
羽衣,hagoromo
紧身衣裤,bodysuit_under_clothes
露胸的衣服,breastless_clothes
眼里冒爱心,heart_in_eye
编号,numbered
羊耳,sheep_ears
纽扣徽章,button_badge
破损的紧身衣,torn_bodysuit
口交后,after_fellatio
猫耳造型内裤,cat_ear_panties
星条旗比基尼,american_flag_bikini
人字拖,flip-flops
浣熊娘,raccoon_girl
Gekkoukan高中制服,gekkoukan_high_school_uniform
城市灯光背景,city_lights
无背景,flats
平铺的背景,flats
写作,writing
橙色的天空,orange_sky
共用的衣服,shared_clothes
木偶,puppet
手偶,puppet
四叶草,four-leaf_clover
竖条纹连衣裙,vertical-striped_dress
在肩膀上外套,coat_on_shoulders
头上的鸟,bird_on_head
碎片,debris
残骸,debris
野外露出,public_nudity
宽马尾,wide_ponytail
闪着星光的背景,sparkle_background
拼贴画,collage
液体从容器中漫出来,spill
粉色发束,pink_scrunchie
遮住眼睛,covering_eyes
橡胶靴,rubber_boots
莲花,lotus
强袭兵装,striker_unit
小手,kote
灰色的内裤,grey_panties
防晒霜,lotion
身体乳,lotion
被束缚,chained
白色发束,white_scrunchie
油漆,paint
涂料,paint
颜料,paint
肩扛,shoulder_carry
用脚趾吊着鞋,shoe_dangle
橙色领带,orange_necktie
纸杯蛋糕,cupcake
衍射十字星,diffraction_spikes
握着斧头,holding_axe
震动遥控器,remote_control_vibrator
豹纹,leopard_print
便当,bento
胎儿状的蜷缩,fetal_position
单边穿着连裤袜,single_leg_pantyhose
酒吧,bar
奶酪,cheese
弹药匣,shell_casing
紫色连裤袜,purple_pantyhose
锁扣,keyhole
橙色指甲,orange_nails
兽爪鞋,paw_shoes
分层的衣服,layered_clothes
茶碗,yunomi
黄色和服,yellow_kimono
第二次世界大战,world_war_ii
月光,moonlight
束腰外衣,tunic
兔子罩,rabbit_hood
髋骨,hip_bones
手臂毛,arm_hair
掐,pinching
毛绒猫,stuffed_cat
红色的袖子,red_sleeves
感谢绘,thank_you
绯想之剑,sword_of_hisou
尿道,urethra
门厅,hallway
蕾丝内裤,lace_panties
驯鹿角,reindeer_antlers
手持镰刀,holding_scythe
耳塞,ear_ribbon
棒棒糖,candy_cane
金鱼,goldfish
蓝色宝石,blue_gemstone
结婚,wedding
婚礼,wedding
双手托胸,arms_under_breasts
恶堕,corruption
婊子化,corruption
四股辫子的发型,quad_tails
乳帘,breast_curtains
抽象,abstract
做运动,exercise
红色腰带,red_belt
勋章,medal
四分之一音符,quarter_note
长长的睫毛,long_eyelashes
毛茸茸的非毛茸茸,furry_with_non-furry
红色绳子,red_rope
挂锁,padlock
嫉妒的,jealous
手伸进内裤里,hand_in_panties
布丁,pudding
时尚,fashion
SM面具,domino_mask
老虎一年,year_of_the_tiger
海盗,pirate
绿色围巾,green_scarf
听诊器,stethoscope
多只蝴蝶结,multiple_bows
耳塞,earclip
刷子,brush
黑色的acot,black_ascot
摘下头盔,helmet_removed
被摘下的头盔,helmet_removed
鼻涕,snot
排球,volleyball
在肩上,on_shoulder
手持匕首,holding_dagger
电风扇,electric_fan
小辣妹,kogal
牛一年,year_of_the_ox
骰子,dice
拉丁式十字架,latin_cross
浅绿色头发,light_green_hair
女性穿着西服,pant_suit
掀起的刘海,bangs_pinned_back
梯子,ladder
月牙耳环,crescent_earrings
扯住裙摆,skirt_tug
按住裙摆,skirt_tug
情人节快乐,happy_valentine
有接缝的裤袜,seamed_legwear
大乳头,huge_nipples
长乳头,huge_nipples
用双腿夹住,leg_lock
焰目,flaming_eye
手放在对方的胸前,hand_on_another's_chest
桨,paddle
下半无框眼镜,over-rim_eyewear
破损的袖子,torn_sleeves
九尾,kyuubi
九尾狐,kyuubi
士兵,soldier
烧伤疤痕,burn_scar
粉色围裙,pink_apron
圣葛罗莉安娜女学园校服,st._gloriana's_school_uniform
移动服,mobile_suit
牛犊式枪械,bullpup
橙色鞋类,orange_footwear
僵尸姿势,zombie_pose
单边没脱掉的袖子,single_detached_sleeve
日出时突现的光照,sunburst
垃圾桶,trash_can
燕尾,coattails
行李包,duffel_bag
淋浴喷头,shower_head
阿伊努人的服饰,ainu_clothes
羽毛装饰,feather_trim
绿色的大腿,green_thighhighs
橙色发束,orange_scrunchie
塞着跳蛋且穿着衣服,vibrator_under_clothes
鳖甲,turtle_shell
带字幕的,subtitled
绿色发带,green_hairband
丰盈的大腿,wide_spread_legs
指脸颊,finger_to_cheek
紫色项圈,purple_choker
湿泳衣,wet_swimsuit
睡袍,negligee
拉面,ramen
柱状画布背景,pillarboxed
足球,soccer_ball
紫色翅膀,purple_wings
官方替代发型,official_alternate_hairstyle
鲨鱼女孩,shark_girl
动画上色,anime_coloring
头饰变化,alternate_headwear
两色裙子,two-tone_skirt
大腿上有痣,mole_on_thigh
诱受,come_hither
微微露出胸罩,bra_peek
亵渎,profanity
贝斯,bass_guitar
油酥糕点,pastry
心形枕头,heart_pillow
猪,pig
海贝,seashell
马蹄形装饰,horseshoe_ornament
十字发饰,cross_hair_ornament
下垂的耳朵,ears_down
毛皮镶边风帽,fur-trimmed_hood
鲨鱼,shark
交叉脚踝,crossed_ankles
勒在乳房之间的带子,strap_between_breasts
猫头鹰,owl
棕色主题,brown_theme
摔角服,wrestling_outfit
睡衣,sleepwear
眼罩比基尼,eyepatch_bikini
无缝的内裤,untied_panties
玩弄阴蒂,clitoral_stimulation
双色比基尼,mismatched_bikini
门口,doorway
乳环,nipple_rings
单场,single_sidelock
玫瑰印花,rose_print
悬吊绑缚,suspension
星星眼,star_in_eye
咖啡杯,coffee_cup
看着阴茎,looking_at_penis
用双脚腿交,two-footed_footjob
画出叹气的标记,sigh
剑,blade
交给别人的臀部,hand_on_another's_hip
一条腿上挂着短裙,skirt_around_one_leg
超细款丁字裤,g-string
替代宇宙,alternate_universe
更衣室,locker_room
着衣绑缚,shibari_over_clothes
嘴里的衣服,clothes_in_mouth
橙色项圈,orange_choker
雪花印花,snowflake_print
清代官帽,qing_guanmao
阴部贴着创可贴,bandaid_on_pussy
红色的一件泳衣,red_one-piece_swimsuit
被对方掀起衣物,lifted_by_another
私立直江津高校制服,naoetsu_high_school_uniform
灯,lights
余烬,embers
脱下衬衫,shirt_removed
寒冷的,cold
胸部纹身,breast_tattoo
手臂往后拉,arm_held_back
双色鞋子,mismatched_footwear
拿着内裤,holding_panties
火焰尾巴,flame-tipped_tail
雨衣,raincoat
微博用户名,weibo_username
糖果,sweets
太阳符号,sun_symbol
刨冰,shaved_ice
抱着玩偶,doll_hug
鸟爪,talons
Zero装束,zero_suit
木槌,mallet
羊女孩,sheep_girl
厨师帽,chef_hat
雪茄,cigar
斜刘海,diagonal_bangs
Kitauji高中制服,kitauji_high_school_uniform
进错房间,walk-in
意外进来看到了不该看的,walk-in
和风女仆,wa_maid
黄色发束,yellow_scrunchie
头部安装显示,head-mounted_display
棕色袋子,brown_bag
抱着人,holding_person
递,giving
赠送,giving
黑色开口衬衫,black_cardigan
橙色的手套,orange_gloves
白色主题,white_theme
男式晚间小礼服,tuxedo
花边和服,frilled_kimono
大洗联队军装,ooarai_military_uniform
绿色外套,green_coat
贫瘠的屁股,flat_ass
颜面骑乘,sitting_on_face
阴部贴着脸,sitting_on_face
射在男性身上,cum_on_boy
头骨和交叉的骨头,skull_and_crossbones
手抓取,hand_grab
乱交,orgy
宇航服,spacesuit
一字型瞳孔,horizontal_pupils
蛙眼,horizontal_pupils
撞脸,look-alike
黄色的皮毛,yellow_fur
粉色紧身衣,pink_bodysuit
盛开,bloom
单手搂着脖子,arm_around_neck
条纹外套,striped_jacket
棱纹衬衫,ribbed_shirt
印刷错误,typo
灰色外套,grey_coat
尺寸过小的衣服,undersized_clothes
蓝色饰带,blue_belt
多个角,multiple_horns
仅文本页面,text-only_page
袖子不均匀,uneven_sleeves
胸部Sarashi,chest_sarashi
格子围巾,checkered_scarf
碗,rice_bowl
透明衬衫,see-through_shirt
褶皱的发型,frilled_hair_tubes
嘴角画着口水滴形状的缺口,mouth_drool
毛茸茸,hairy
红色宝石,red_gemstone
疤痕在手臂上,scar_on_arm
吊带短裤,suspender_shorts
勒住嘴,bit_gag
手持旗帜,holding_flag
牙刷,toothbrush
撅起的嘴唇,puckered_lips
俯卧后入,prone_bone
公主,princess
漩涡棒棒糖,swirl_lollipop
鼻子上的疤痕,scar_on_nose
头发往上蜷的发型,updo
不安地微笑,nervous_smile
方向键,d-pad
交给他人的背,hand_on_another's_back
房间,room
揉眼睛,rubbing_eyes
遮住关键部位的手臂,convenient_arm
飞行员夹克,bomber_jacket
白羽毛,white_feathers
圣诞节比基尼,santa_bikini
绿色的毛衣,green_sweater
射在嘴里,cum_on_stomach
脖颈,nape
黄色裤袜,yellow_legwear
图案背景,patterned_background
胡萝卜项链,carrot_necklace
素股,thigh_sex
腿夹,thigh_sex
半兽人,orc
沙滩巾,beach_towel
狗男孩,dog_boy
白色长袍,white_robe
敞开的短裤,open_shorts
交给别人的手臂,hand_on_another's_arm
塑料袋,plastic_bag
苏格兰平顶帽,tam_o'_shanter
尖叫,screaming
大声喊,screaming
聚光灯,spotlight
电源符号,power_symbol
同个原作者的角色们的同人,creator_connection
墓碑,tombstone
花盆,flower_pot
橙色,orange_theme
jack耳耳,jackal_ears
超级赛亚人,super_saiyan
散开的头发,hair_spread_out
窒息,asphyxiation
障子,shouji
精彩片段,cameo
黄昏,dusk
路径,path
在膝盖上,on_lap
多个皮带,multiple_belts
褐色丝带,brown_ribbon
光膀子,hadanugi_dousa
静物,still_life
烧瓶,flask
计数,tally
画正字,tally
小阴茎,small_penis
地毯,carpet
分离的头,disembodied_head
晚会礼服,evening_gown
包茎,phimosis
红色巩膜,red_sclera
对角线条纹弓,diagonal-striped_bow
女性视角,female_pov
握着吸烟管,holding_smoking_pipe
日出,sunrise
带蝴蝶结的比基尼,bow_bikini
红色束腰,red_sash
笑脸,smiley_face
鸟儿女孩,bird_girl
传统手绘风格,faux_traditional_media
莫霍克发型,mohawk
侧边开口的服饰,side_cutout
潜水面罩,diving_mask
三角形,triangle
罗马数字,roman_numeral
咖喱,curry
小山坡,hill
有气味的,smell
红色连裤袜,red_pantyhose
封面图片,cover_image
多色款腿部服饰,multicolored_legwear
鼓槌,drumsticks
俄语,russian_text
蒸汽马赛克,steam_censor
雾气马赛克,steam_censor
心形纹身,heart_tattoo
冠饰,diadem
黑色头巾,black_headband
独眼巨人,cyclops
六角星,hexagram
不明飞行物,ufo
编号纹身,number_tattoo
仓鼠,hamster
树荫,tree_shade
红色瞳孔,red_pupils
碎玻璃,broken_glass
画符,talisman
虚实穿插,fourth_wall
连接到现实的感觉,fourth_wall
次元壁,fourth_wall
猴尾,monkey_tail
扶她和男性,futa_with_male
埃及风格服饰,egyptian_clothes
粉色镜框眼镜,pink-framed_eyewear
Shuuchiin Academy学校制服,shuuchiin_academy_school_uniform
覆盖的腹肌,covered_abs
短剑,short_sword
血统阿尔巴,linea_alba
警察帽子,police_hat
有三股辫子,tri_tails
共用一条围巾,shared_scarf
动物阴茎,animal_penis
紫色的袖子,purple_sleeves
Aqua比基尼,aqua_bikini
戴避孕套,condom_on_penis
乳房绑缚,breast_bondage
水槽,sink
绿色项圈,green_choker
蓝色的嘴唇,blue_lips
手指刺激肛门,anal_fingering
手的画法错误,bad_hands
网球衫,tennis_uniform
橡皮擦,eraser
毛皮大衣,fur_coat
沙漠,desert
冰块,ice_cube
火炬,torch
羽毛笔,quill
私立光坂高等学校校服,hikarizaka_private_high_school_uniform
喙,beak
彩旗串,string_of_flags
背包,satchel
黑色发束,black_scrunchie
划痕,scratches
皮肤上的浅伤,scratches
脚踝袖口,ankle_cuffs
脸颊上的bandaid,bandaid_on_cheek
条纹袜子,striped_socks
融化,melting
驾驶,driving
镶钉皮带,studded_belt
大尾巴,large_tail
方向键发饰,d-pad_hair_ornament
悬崖,cliff
多个耳环,multiple_earrings
水母,jellyfish
羽毛装饰的袖子,feather-trimmed_sleeves
口内指交,finger_in_another's_mouth
拉着弓,holding_arrow
章鱼士兵,octarian
绞首,strangling
笏板,ritual_baton
小尺寸连衣裙,microdress
大肚子,big_belly
手机屏幕,phone_screen
灰色的天空,grey_sky
祈祷,praying
念珠,prayer_beads
手搁在刀柄上,hand_on_hilt
肋腿衣,ribbed_legwear
魔能枪,magical_musket
撕裂的斗篷,torn_cape
鬼面,oni_mask
磨豆腐,tribadism
武士,samurai
交叉的创可贴,crossed_bandaids
赛博朋克,cyberpunk
蛛网印花,spider_web_print
遮阳手势,shading_eyes
露出机损,mechanical_parts
证章,insignia
红色的伞,red_umbrella
敞开的裙子,open_skirt
羽毛头发,feather_hair
矩形眼镜,rectangular_eyewear
肩钉,shoulder_spikes
Dynamax带,dynamax_band
坐在课桌上,sitting_on_desk
侧面没有布料的服饰,sideless_outfit
情侣装,matching_outfit
奶瓶,milk_bottle
洞穴,cave
开档内裤,crotchless_panties
餐厅,restaurant
对某美术品的模仿,fine_art_parody
模仿名画,fine_art_parody
弄脏的脸,dirty_face
三只宝可梦御三家,starter_pokemon_trio
骑马,horseback_riding
手绘板,drawing_tablet
安齐奥校服,anzio_school_uniform
甜点,dessert
被抓现行,caught
子宫口,cervix
紫色长裤,purple_pants
不给糖就捣蛋,trick_or_treat
卡贝登,kabedon
球拍,racket
穿衣服的尾巴,tail_through_clothes
窗帘抓取,curtain_grab
握着刀鞘,holding_sheath
断角,broken_horn
合作伙伴,cooperative_fellatio
双手放在自己的头上,hands_on_own_head
圣葛罗莉安娜军装,st._gloriana's_military_uniform
束在腰上的毛衣,sweater_around_waist
蝴蝶印花,butterfly_print
绿色斗篷,green_cape
阴蒂包皮,clitoral_hood
坦基尼,tankini
把梗元素藏在图里,when_you_see_it
液体,liquid
耳标,ear_tag
肩扛,carrying_over_shoulder
小镇,town
节日,festival
祭典,festival
皮草修身长裤,fur-trimmed_legwear
表发怒的会话气泡,spoken_anger_vein
裸体且披着大衣,naked_coat
有衣着的口袋妖怪,clothed_pokemon
抽象背景,abstract_background
闻,smelling
梅花,plum_blossoms
站在水上或液体上,standing_on_liquid
无肩带胸罩,strapless_bra
灯泡,light_bulb
持有绒球,holding_pom_poms
辫子,dreadlocks
燕尾服,tailcoat
蕾丝边连衣裙,lace-trimmed_dress
火箭筒,rocket_launcher
星座,constellation
解开的衣领,open_collar
白色指甲,white_nails
裸臀,bare_hips
黑色皮毛,black_fur
电线,wire
数据线,wire
录影机,video_camera
格子呢比基尼,plaid_bikini
黑色吊带背心,black_camisole
攻击,attack
喷气式飞机,jet
黑色尾巴,black_tail
拉,pulling
黑色袋子,black_bag
蓝色开襟衫,blue_cardigan
锤子和镰刀,hammer_and_sickle
冲浪板,surfboard
迷你八卦炉,mini-hakkero
项链,chain_necklace
从容器中倒出液体的动作,spilling
小洋号,trumpet
露出单边服饰上的垂直条纹,single_vertical_stripe
黑玫瑰,black_rose
Mega形态宝可梦,mega_pokemon
图案化的衣服,patterned_clothing
阿拉伯服饰,arabian_clothes
绷带裹胸,budget_sarashi
涂鸦,graffiti
吸汗带,sweatband
鲨鱼发饰,shark_hair_ornament
拱,arch
植入广告,product_placement
白色斗篷,white_cloak
黑色围裙,black_apron
教堂,church
试管,vial
条纹裤,striped_pants
白色头带,white_headband
女裙,gown
女长服,gown
女礼服,gown
脖子上挂着口哨,whistle_around_neck
彩色舌头,colored_tongue
人体彩绘般的连身衣,impossible_leotard
散布翅膀,spread_wings
猫耳式耳机,cat_ear_headphones
蓝色的Ascot,blue_ascot
中国结,chinese_knot
两色调比基尼,two-tone_bikini
进化线,evolutionary_line
领带夹,tie_clip
连帽斗篷,hooded_cape
紫色斗篷,purple_cape
来自tegaki博客,tegaki
头发角,hair_horns
炸薯条,french_fries
带束带的高跟鞋,strappy_heels
抽搐的阴茎,twitching_penis
男式内裤,briefs
在逃跑的,fleeing
行动,action
白猫,white_cat
绿色的嘴唇,green_lips
苔藓,moss
栓式枪机,bolt_action
外廊,veranda
缘侧,veranda
脐链,belly_chain
钉子,nail
指甲,nail
大腿系着缎带,thigh_ribbon
手持招牌,holding_sign
荧光棒,glowstick
打call棒,glowstick
挡住乳头,covering_nipples
单侧进气口发型,single_hair_intake
牛仔裙,denim_skirt
瑜珈裤,yoga_pants
尾巴系着铃铛,tail_bell
猫耳帽子,cat_hat
尖刺的臂章,spiked_armlet
片太刀铗,scissor_blade
褪下衣物,clothes_down
穆斯林头巾,turban
裸体且裹着被子,naked_sheet
金链子,gold_chain
舞台灯光,stage_lights
张开手指,spread_fingers
白色开襟衫,white_cardigan
单片发饰,monocle_hair_ornament
拖把,mop
乐队礼帽,shako_cap
拿着避孕套,holding_condom
即时损失,instant_loss
衣架,clothes_hanger
碗状帽子,bowl_hat
水蓝色短裙,aqua_skirt
链锯,chainsaw
做梦,dreaming
踝袜,ankle_socks
双手碰到头上的饰物,hands_on_headwear
节分习俗,setsubun
泳池扶梯,pool_ladder
手指,finger_in_own_mouth
V家歌手的头戴设备,vocaloid_append
猫元素印花,cat_print
鲸鱼,whale
抓住,head_grab
薯片,potato_chips
机械义足,mechanical_legs
立体机动装置,three-dimensional_maneuver_gear
巨大生物,oversized_animal
抱着玩偶,holding_doll
染刘海,dyed_bangs
桂冠,laurel_crown
紫色围巾,purple_scarf
被拍打过的屁股,spanked
抓着阴茎,penis_grab
火箭队,team_rocket
虚假的微笑,false_smile
紫色短裤,purple_shorts
黑色的嘴唇,black_lips
灰尘,dust
韩服,korean_clothes
药丸,pill
象牙,tusks
摩擦裆部,crotch_rub
风铃,wind_chime
手里剑,shuriken
青少年,teenage
青少年化,teenage
素描本,sketchbook
缎带饰边短裙,ribbon-trimmed_skirt
有翼的帽子,winged_hat
交给他人的大腿,hand_on_another's_thigh
透明的腿衣,see-through_legwear
年贺状,nengajou
灰色蝴蝶结,grey_bow
竖条纹裙子,vertical-striped_skirt
有多种颜色的翅膀,multicolored_wings
龟,turtle
背面座体位,reverse_upright_straddle
脚踝系带,ankle_lace-up
甘薯,sweet_potato
人体比例不协调,bad_proportions
皮草围巾,fur_scarf
人体彩绘般的紧身衣,impossible_bodysuit
双手放在两腿之间,hands_on_lap
十六分音符,beamed_sixteenth_notes
打舌钉,tongue_piercing
尖尖的长耳朵,long_pointy_ears
汽车内饰,car_interior
鼻涕泡,nose_bubble
花环,wreath
拳套,boxing_gloves
笏,scepter
机械角,mechanical_horns
充气玩具,inflatable_toy
鲷鱼烧,taiyaki
木桶,wooden_bucket
能量翅膀,energy_wings
鸟窝头,afro
爆炸头,afro
左右对称,symmetry
棒球,baseball
睡奸,sleep_molestation
穿着衣服自慰,clothed_masturbation
军舰,warship
两色外套,two-tone_jacket
梳子,comb
羽毛耳环,feather_earrings
活体头发,prehensile_hair
可念动的头发,prehensile_hair
可丽饼,crepe
有衣着的动物,clothed_animal
脖子纹身,neck_tattoo
模糊打码,blur_censor
花耳环,flower_earrings
两色调泳衣,two-tone_swimsuit
发光的剑,glowing_sword
通学帽,school_hat
拳击手,boxers
相合伞,shared_umbrella
绑着绷带的头,bandaged_head
泳裤,swim_briefs
深领,plunging_neckline
黑色羽毛,black_feathers
粉色袖子,pink_sleeves
签子,skewer
孩子们,child_on_child
立方体,cube
丝带修剪的衣服,ribbon-trimmed_clothes
被绊倒,tripping
透明雨伞,transparent_umbrella
失败,failure
有中心的旋转,spinning
百合夫妇,wife_and_wife
中间犁沟,median_furrow
米字旗,union_jack
头发的头发,hair_through_headwear
抽屉,drawer
捏脸颊,cheek_pinching
男友的衣服,borrowed_garments
高对比度,high_contrast
憋尿,have_to_pee
生日蛋糕,birthday_cake
狸,tanuki
笛,flute
乌贼,squid
鱿鱼,squid
鲨鱼罩,shark_hood
清酒瓶,tokkuri
桶子,barrel
狮子,lion
前后身对比图,turnaround
运动比基尼,sports_bikini
抓着枕头,pillow_grab
在桌子上,on_table
白色男性内衣,white_male_underwear
紫色外套,purple_coat
肥皂,soap
兔耳pose,bunny_pose
矮人族,harvin
盒装饮料,juice_box
两色调弓,two-tone_bowtie
戳脸颊,cheek_poking
红色的天空,red_sky
柜台,counter
三叶草发饰,clover_hair_ornament
尸体,corpse
沾着阴毛,stray_pubic_hair
掉落的阴毛,stray_pubic_hair
橙色和服,orange_kimono
蜘蛛娘,spider_girl
烤吐司,toast
蓝色水手服,blue_serafuku
神枪朗基努斯,spear_the_gungnir
看对象,looking_at_object
动手,hands_on_another's_head
头上起包,head_bump
玩自己的头发,playing_with_own_hair
立绘并列,column_lineup
面对乳房,face_to_breasts
焦散,caustics
两色调手套,two-tone_gloves
新年伊始,akeome
门,gate
蒙脸,covered_face
授精体位,mating_press
黑色的袴,black_hakama
皮套裤,chaps
鸡尾酒杯,cocktail_glass
圆斑胸罩,polka_dot_bra
石头,stone
百奇日,pocky_day
背部纹身,back_tattoo
曲别针,safety_pin
汉服,hanfu
两个人一起用手比心,heart_hands_duo
阳台,balcony
抱着猫,holding_cat
自动售货机,vending_machine
图表,chart
闹钟,alarm_clock
咬痕,bite_mark
裸体且披着斗篷,naked_cape
能量球,energy_ball
排球服,volleyball_uniform
血迹,blood_stain
纸巾,tissue
手帕,tissue
雏菊,daisy
鼻子有穿孔,nose_piercing
煎蛋,fried_egg
荷包蛋,fried_egg
松鼠,squirrel
化妆品,cosmetics
黄色项圈,yellow_choker
手放在对方的头发上,hand_in_another's_hair
灰色的眼镜,grey-framed_eyewear
舔乳头,licking_nipple
假如这两个角色有孩子了,if_they_mated
弓背高潮,head_back
燃烧,burning
双性恋女性,bisexual_female
单行本概念预告图,circle_cut
OK手势,ok_sign
工业管,industrial_pipe
光线移动的轨迹,light_trail
无袖毛衣,sleeveless_sweater
道士帽,porkpie_hat
指示棒,pointer
草莓蛋糕,strawberry_shortcake
镶草莓的糕点,strawberry_shortcake
彩虹色序排列,rainbow_order
破损的短裤,torn_shorts
点兔兔之家制服,rabbit_house_uniform
棕色斗篷,brown_cape
Homurahara学院学校制服,homurahara_academy_school_uniform
钥匙扣,keychain
方格领带,checkered_necktie
Jack-o'挑战,jack-o'_challenge
共享食物,shared_food
用嘴递食物,shared_food
水蓝色连衣裙,aqua_dress
蕾丝胸罩,lace_bra
柠檬片,lemon_slice
格子和服,checkered_kimono
多色款手套,multicolored_gloves
在桌子下面,under_table
车站,train_station
卖春,prostitution
搅拌,whisk
信号灯,traffic_light
梳理头发,hairdressing
扎辫子,hairdressing
三叶草打印,clover_print
对抗树,against_tree
条纹袖子,striped_sleeves
审查乳头,censored_nipples
手握画笔,holding_paintbrush
水壶,watering_can
蛇尾,snake_tail
紫色毛衣,purple_sweater
虾,shrimp
受精图,impregnation
骷髅耳环,skull_earrings
黑色运动胸罩,black_sports_bra
钻石形学生,diamond-shaped_pupils
橙色短裤,orange_shorts
小地毯,rug
绑定脚踝,bound_ankles
狗盆帽,dixie_cup_hat
大帽子,large_hat
钻头,drill
侧坐在鞍上,sidesaddle
后宫,harem
黄色胸罩,yellow_bra
两色色带,two-tone_ribbon
脚印,footprints
开心的眼泪,happy_tears
嘴里贴着胶布并被绑起来,tape_gag
睡个好觉,sleeping_on_person
棋盘游戏,board_game
看眼镜,looking_over_eyewear
手指,finger_to_own_chin
多色款连体衣,multicolored_bodysuit
猴子,monkey
m4卡宾枪,m4_carbine
花环,flower_wreath
橙色围巾,orange_scarf
提着篮子,holding_basket
毛茸茸的,fluffy
额头上的疤痕,scar_on_forehead
追逐,chasing
玛格塔玛项链,magatama_necklace
使用方法错误,you're_doing_it_wrong
星形项圈,star_choker
加特林机枪,gatling_gun
苍白的颜色,pale_color
冰箱,refrigerator
炸弹,bomb
眼部打码,identity_censor
轨道,railroad_tracks
弩,crossbow
手臂上贴着创可贴,bandaid_on_arm
格子领带,plaid_necktie
皮带束胸,beltbra
破坏,destruction
网球拍,tennis_racket
草莓印花,strawberry_print
云状印花,cloud_print
色标卡,color_guide
外套,cockpit
宽松的衣服,loose_clothes
穗饰披巾,poncho
雨披,poncho
顶灯,ceiling_light
震动棒,hitachi_magic_wand
按摩棒,hitachi_magic_wand
听筒,earpiece
戴着手枪,gloved_handjob
体毛,body_hair
咖啡馆,cafe
避孕套包装,condom_packet_strip
池塘,pond
钢管舞用的钢管,stripper_pole
水龙头,faucet
管家,butler
反器材步枪,anti-materiel_rifle
弄脏的衣服,dirty_clothes
从嘴里吐出液体的动作,spitting
钓鱼,fishing
得意脸,doyagao
持有控制器,holding_controller
低双辫子,low_twin_braids
拘束服,straitjacket
形态变化,alternate_form
华丽的戒指,ornate_ring
白鸽,dove
鸟笼,birdcage
权杖,mace
香槟杯,champagne_flute
多色款比基尼,multicolored_bikini
贴有绷带的脸,bandage_on_face
惊喜之吻,surprise_kiss
意外之吻,surprise_kiss
双肩下握颈体位,full_nelson
火星子,sparks
带翅膀的头盔,winged_helmet
水蓝色丝带,aqua_ribbon
小巷,alley
在草地上,on_grass
DeviantArt用户名,deviantart_username
分开的头发,parted_hair
墨水,ink
颜料,ink
看手机,looking_at_phone
海豚,dolphin
数字较少,fewer_digits
皮肤破裂,cracked_skin
牛仔西方,cowboy_western
手绘和数绘并存风格,mixed_media
灰色袜子,grey_socks
无人机,drone
接吻后,after_kiss
Futanari手淫,futanari_masturbation
挠痒痒,tickling
导弹,missile
新月的面部标记,crescent_facial_mark
疼痛,pain
飞机杯,artificial_vagina
紫色的天空,purple_sky
公文包,briefcase
黄色背心,yellow_vest
厚的手臂,thick_arms
拉着口罩,mask_pull
在人身上,on_person
棕色水手领,brown_sailor_collar
蜘蛛,spider
拨片,plectrum
封绘署名,circle_name
百奇游戏,pocky_kiss
刷头发,brushing_hair
旱冰鞋,roller_skates
管子,tube
护喉,gorget
护喉甲,gorget
颈甲,gorget
七夕,tanabata
爱液流成的滩,pussy_juice_puddle
鱼雷管,torpedo_tubes
双手放在自己的大腿上,hands_on_own_thighs
采耳,mimikaki
东方龙,eastern_dragon
手持注射器,holding_syringe
新选组,shinsengumi
表白,confession
花边披肩,frilled_capelet
坐在树上,sitting_in_tree
绿色宝石,green_gemstone
冬青,holly
黑森峰女子学园校服,kuromorimine_school_uniform
瓦砾,rubble
有光泽的乳晕,light_areolae
白角,white_horns
腿部系着带子,leg_belt
蹄子,hooves
钢管舞,pole_dancing
粉红色的一件泳衣,pink_one-piece_swimsuit
摆着口交的手势,fellatio_gesture
握住锤子,holding_hammer
暗示其是扶她,implied_futanari
黄框眼镜,yellow-framed_eyewear
骷髅印花,skull_print
手上的鸟,bird_on_hand
八十神高中校服,yasogami_school_uniform
拉着长袜,thighhighs_pull
拉着过膝袜,thighhighs_pull
拉着裤袜,thighhighs_pull
贴纸,sticker
印着某角色,character_print
补丁,patch
胸帘,breast_curtain
条形码纹身,barcode_tattoo
木剑,wooden_sword
精细的面料感,fine_fabric_emphasis
超还原的丝袜,fine_fabric_emphasis
蓝色围裙,blue_apron
花边缎带,frilled_ribbon
拿酒,holding_drink
压在头上的乳房,breasts_on_head
鹿耳,deer_ears
过分紧身的衣服,impossible_dress
压住裙摆,dress_tug
外裙,overskirt
套裙,overskirt
激光步枪,beam_rifle
洗面奶,breast_smother
美甲,nail_art
超级机器人,super_robot
红魔馆,scarlet_devil_mansion
紫色水手领,purple_sailor_collar
眼睛焦点,eye_focus
珊瑚,coral
储藏柜,cabinet
高腰裤子,high-waist_pants
表亲,cousins
戴着头盔的,helm
隔着衣物爱抚,through_clothes
腰包,fanny_pack
彩色泳衣,multicolored_swimsuit
歌名,song_name
粉色连帽衫,pink_hoodie
空中烟火,aerial_fireworks
蓬蓬的短裤,puffy_shorts
摆动,swing
龅牙,buck_teeth
棒球服,baseball_uniform
明星光晕,star_halo
自行车运动服,biker_clothes
眼罩,eye_mask
拨弄手套,adjusting_gloves
反光地板,reflective_floor
使困惑,confused
透明的紧身连衣裤,see-through_leotard
豹耳朵,leopard_ears
黄色的黄色高,yellow_thighhighs
非常长的指甲,very_long_fingernails
秀肌肉,flexing
塔罗牌,tarot
手掌,palms
腿衣吊袜带,legwear_garter
菜单,menu
手持铅笔,holding_pencil
被丝带捆住,ribbon_bondage
人捆成礼物的样子,ribbon_bondage
递礼物,incoming_gift
星空印花,starry_sky_print
红色盔甲,red_armor
棕色帽子,brown_capelet
抓住另一个下巴,grabbing_another's_chin
卡拉什尼科夫步枪,kalashnikov_rifle
唐装,tangzhuang
昆虫翅膀,insect_wings
格子呢背景,plaid_background
红袜子,red_socks
薙刀,naginata
嘴里有头发,hair_in_mouth
Magatama耳环,magatama_earrings
圆点连衣裙,polka_dot_dress
有某物冲到脸上,in_the_face
黄瓜,cucumber
胸压玻璃,breasts_on_glass
梳子,hair_brush
德国服装,german_clothes
裸夹克,naked_jacket
乳交后,after_paizuri
绿框眼镜,green-framed_eyewear
无线电天线,radio_antenna
担心,worried
弓形头发,bow-shaped_hair
樱花印花,cherry_blossom_print
靠在物体上,leaning_on_object
记号笔,marker
记号笔写的标记,marker
铅笔裙,pencil_dress
头上的口袋妖怪,pokemon_on_head
招手,beckoning
裆部有特别覆盖物,crotch_plate
壁尻,stuck
占星杖,dowsing_rod
身上有凌乱的污渍,messy
唇钉,lip_piercing
白色西装,white_suit
大腿上方,hand_on_thigh
角色转换,role_reversal
巧克力板,chocolate_bar
带角头盔,horned_helmet
星形项链,star_necklace
汽车人,autobot
戏弄,teasing
皮肤牙,skin_fangs
躺椅,lounge_chair
交叉疤痕,cross_scar
O形圈曲,o-ring_choker
戳球符号,poke_ball_symbol
仿手办风格,faux_figurine
束缚服,bondage_outfit
类似海报或杂志的插图效果,projected_inset
魔物化,monsterification
解开的衬衫,untucked_shirt
经润饰的服装,embellished_costume
大空卷轴,sorcerer's_sutra_scroll
拼布皮肤,patchwork_skin
鱼人,fish_girl
撕裂,torn
粉色背心,pink_vest
出芯笔,mechanical_pencil
黑克勒-科赫制系列武器,heckler_&_koch
牛奶盒,milk_carton
杠铃刺穿,barbell_piercing
式神,shikigami
竹扫帚,bamboo_broom
车轮,wheel
偷窥,peeking
色彩关联,color_connection
战术衣服,tactical_clothes
红色连帽衫,red_hoodie
无肩带衬衫,strapless_shirt
失神,unconscious
吊灯,chandelier
百叶窗,blinds
木墙,wooden_wall
链皮带,chain_leash
马球衫,polo_shirt
透明连衣裙,see-through_dress
条纹的一件泳衣,striped_one-piece_swimsuit
用双手,two-handed
毘沙门天宝塔,bishamonten's_pagoda
衣服上贴着符纸,ofuda_on_clothes
引眉,hikimayu
单人Pauldron,single_pauldron
细跟高跟鞋,stiletto_heels
德语,german_text
白色腰带,white_sash
钻锁,drill_locks
脱下了比基尼上衣,bikini_top_removed
公园的长椅上,park_bench
阳光背景,sunburst_background
橙色裤袜,orange_legwear
乳胶紧身衣裤,latex_bodysuit
ICHO私立高中制服,icho_private_high_school_uniform
羽子板,hagoita
电子游戏,video_game
老妇,old_woman
腿握住,leg_hold
巨根插入,large_insertion
条纹手套,striped_gloves
高腰短裤,high-waist_shorts
长剑,greatsword
紫色的一件泳衣,purple_one-piece_swimsuit
盘旋9,circled_9
黑色长袍,black_robe
鞠躬,bowing
萤火虫,fireflies
舞娘服,harem_outfit
俄罗斯冬帽,ushanka
高露出度胸罩,cupless_bra
带刺的尾巴,spiked_tail
手指,fingers
两个扶她,futa_with_futa
红十字,red_cross
消音器,suppressor
血量槽,health_bar
血条,health_bar
腹股沟肌腱,groin_tendon
皮套武器,holstered_weapon
拥抱,cuddling
格子弓,plaid_bowtie
维埃拉,viera
口红管,lipstick_tube
五芒星印,pentacle
剥开连衣裤,leotard_pull
乐器盒,instrument_case
角色扮演照片,cosplay_photo
棋盘曲奇,checkerboard_cookie
握着鞭子,holding_whip
六边形,hexagon
绿色连帽衫,green_hoodie
拎着包袱,holding_sack
鹰,eagle
裸体且穿着连帽衫,naked_hoodie
绷紧的连衣裙,taut_dress
带状饰带的衣领,ribbon-trimmed_collar
金发带,gold_hairband
腹当,kusazuri
草摺,kusazuri
脊柱,spine
浅水,shallow_water
金耳环,gold_earrings
麻将,mahjong
波子汽水,ramune
握住棍子,holding_stick
映出的另一面,different_reflection
紫藤,wisteria
单手穿着护臂,single_gauntlet
疯狂的微笑,crazy_smile
头埋在胸里,head_between_breasts
洗面奶,head_between_breasts
非传统的花花公子兔子,nontraditional_playboy_bunny
奶嘴,pacifier
栅川中学校服,sakugawa_school_uniform
红色披风,red_cloak
便条簿,notepad
被画出来的空气,visible_air
倒地的,fallen_down
生奶油,whipped_cream
从背后伸手过来刺激性伴侣,reach-around
女女女3P,fff_threesome
墓地,graveyard
蓬蓬的袖子,puffy_detached_sleeves
日本国旗,japanese_flag
动能服,power_suit
戴着假阴茎,strap-on
黄色开衫,yellow_cardigan
霓虹灯,neon_lights
郁金香帽子,tulip_hat
熊印花头饰,bear_hair_ornament
靠在肩上的剑,sword_over_shoulder
情书,love_letter
亲吻额头,kissing_forehead
办公室,office
沙滩椅,beach_chair
恐龙,dinosaur
雷门高中,raimon
对称旋转,rotational_symmetry
《少女革命》女同转圈圈,rotational_symmetry
嘴里叼着丝带,ribbon_in_mouth
蓝莓,blueberry
简体字,simplified_chinese_text
绿色的脖子,green_neckerchief
握住皮带,holding_leash
基比托高中制服,kibito_high_school_uniform
两只乳房之间的臂,arm_between_breasts
真相吐槽,truth
会阴,perineum
带刺的龟壳,spiked_shell
人马,centaur
马娘,centaur
猫穿刺,pussy_piercing
掌机,playstation_portable
性别不定的非人角色,other_focus
空调,air_conditioner
机翼发饰,wing_hair_ornament
吉祥物,mascot
驯鹿服装,reindeer_costume
领斗篷,collared_cape
爱抚睾丸,caressing_testicles
长袖运动卫衣,sweatshirt
清澄高中校服,kiyosumi_school_uniform
尾巴遮住三点,tail_censor
用尾巴打码,tail_censor
老虎男孩,tiger_boy
棕褐色背景,tan_background
标题,title
水蓝色,aqua_theme
用装置强行固定人体,stationary_restraints
褶皱袖口,frilled_cuffs
大腿切口,thigh_cutout
狼男孩,wolf_boy
棉花糖,cotton_candy
三花团子,sanshoku_dango
带骨肉,boned_meat
拿着缝衣针,holding_needle
花园,garden
连帽毛衣,hooded_sweater
警示带,caution_tape
眼睛的血,blood_from_eyes
填充鲨鱼,stuffed_shark
箭羽纹,yagasuri
弯折的吸管,bendy_straw
年龄段展现,age_progression
卡车,truck
烛台,candlestand
绿色围裙,green_apron
摄像机,camcorder
嗡嗡声切割,buzz_cut
娘化植物,plant_girl
杂草丛生,overgrown
黄色皮肤,yellow_skin
白框眼镜,white-framed_eyewear
狼牙棒,spiked_club
免费射精,handsfree_ejaculation
穿着衣服的女性和裸女,clothed_female_nude_female
手上套着玩偶,hand_puppet
灰色领带,grey_necktie
直升机,helicopter
巧克力在身体上,chocolate_on_body
鱼形发饰,fish_hair_ornament
戟,halberd
解开的,untying
心形尾巴,heart_tail
心形尾尖,heart_tail
尾巴摆出心形,heart_tail
尤指米斯蒂娅·萝蕾拉的形象,okamisty
放大镜,magnifying_glass
隐去阴茎,invisible_penis
握着皮带的观众,viewer_holding_leash
袖套,arm_wrap
募捐箱,donation_box
火焰图案,flame_print
海苔卷寿司,makizushi
圣诞老人靴,santa_boots
吊起来的,hanging
水蓝色衬衫,aqua_shirt
坐在物体上,sitting_on_object
拿着鞋子,holding_shoes
交给别人的屁股,hand_on_another's_ass
早晨,morning
Nijigasaki学院学校制服,nijigasaki_academy_school_uniform
高个女性,tall_female
塞着跳蛋且穿着内裤,vibrator_under_panties
擦眼泪,wiping_tears
头链,head_chain
机械化,mechanization
福克斯男孩,fox_boy
蓬松的裤子,puffy_pants
时间戳,timestamp
紧身衬衫,tight_shirt
袜缝,back-seamed_legwear
炽热的头发,fiery_hair
用过的纸巾,used_tissue
黑色腰带,black_sash
臀交,buttjob
嘴里的衬衫,shirt_in_mouth
呈现腋窝,presenting_armpit
拿着泳圈,holding_innertube
打屁股,spanking
跑车,sports_car
粉红色的血,pink_blood
精灵球图案,poke_ball_print
荷叶头发,ruffling_hair
还魂,spirit
伴灵,spirit
精神体,spirit
条纹和服,striped_kimono
手帕,handkerchief
富有表现力的头发,expressive_hair
抚摸,petting
树桩,tree_stump
柱子,column
露出屁股的服饰,ass_cutout
迎接射精而伸出舌头,oral_invitation
不匹配的学生,mismatched_pupils
为角留了洞的头饰,horns_through_headwear
抱着灯笼,holding_lantern
肤色变化,alternate_skin_color
性骚扰,molestation
面纱,mouth_veil
阴阳师,onmyouji
阴茎在外面,penis_outside
柴犬,shiba_inu
侧边系带连身衣,side-tie_leotard
打开的窗户,open_window
阿尔卑斯村姑裙,dirndl
举起的拳头,raised_fist
多个避孕套,multiple_condoms
胸甲抓取,pectoral_grab
射精后,after_ejaculation
小款背心,cropped_vest
游戏手柄,gamepad
锅盖头,bowl_cut
灰色围巾,grey_scarf
透过窗户照进来的光,window_shade
富有表现力的衣服,expressive_clothes
隆起的腹部,inflation
圣诞老人连衣裙,santa_dress
脖子,neck
米色毛衣,beige_sweater
运动衫,jersey
三角神力,triforce
熊女孩,bear_girl
派对帽,party_hat
灯笼裤,harem_pants
猴耳,monkey_ears
皮带,leather_belt
狭窄的眼睛,narrowed_eyes
圆斑泳衣,polka_dot_swimsuit
魔咒卡,spell_card
微博徽标,weibo_logo
体育仓库,gym_storeroom
棱纹紧身衣,ribbed_bodysuit
武器变化,alternate_weapon
格子头饰,plaid_headwear
手放在对方的肚子上,hand_on_another's_stomach
天际线,skyline
张开脚趾,spread_toes
牛lick,cowlick
熊猫耳朵,panda_ears
口红印,lipstick_mark
卵子,ovum
蛋包饭,omurice
石灯笼,stone_lantern
隐藏的眼睛,hidden_eyes
收音机,radio
非人类机器人,non-humanoid_robot
宠物play,pet_play
腿上绑着工具包,thigh_pouch
动物脚,animal_feet
法国面包,baguette
脖子上有痣,mole_on_neck
刷牙,brushing_teeth
有套子但还是内射了,pointless_condom
钻石按钮,diamond_button
中装,medium_dress
将手指夹在一起,index_fingers_together
可口可乐,coca-cola
假胡须,fake_facial_hair
七色丘中学校服,nanairogaoka_middle_school_uniform
场景参考,scene_reference
宝箱,treasure_chest
战术皮带,utility_belt
甜甜圈发bun,doughnut_hair_bun
坐在楼梯上,sitting_on_stairs
持有剪贴板,holding_clipboard
螺旋桨,propeller
牙,fangs_out
倒计时,countdown
极浓密的阴毛,excessive_pubic_hair
重新设计,redesign
粉色水手领,pink_sailor_collar
布料很少的内裤,micro_panties
超大的射精量,excessive_cum
路面,pavement
貘尾,tapir_tail
棕色和服,brown_kimono
牛男孩,cow_boy
手指面对,finger_to_face
熊印花,bear_print
橙色水手领,orange_sailor_collar
部落,tribal
夹在腋下,carrying_under_arm
笠帽,ajirogasa
法被,happi
热情的拥抱,glomp
扑上来抱住,glomp
汉字,kanji
黄色的翅膀,yellow_wings
拿着头盔,holding_helmet
战斗机,fighter_jet
打开裤子,open_pants
章鱼烧,takoyaki
额头贴额头,forehead-to-forehead
拔罐手,cupping_hands
打电话,talking_on_phone
男性花花公子兔子,male_playboy_bunny
山羊耳,goat_ears
地球仪,globe
棒球手套,baseball_mitt
眼镜上的头饰,eyewear_on_headwear
金色阴毛,blonde_pubic_hair
过大号衬衫,oversized_shirt
没画睾丸,no_testicles
手上的乳房,hand_on_breast
通过衣服手淫,masturbation_through_clothes
逗猫,cat_teaser
大衣,overcoat
腿顶在大腿之间,leg_between_thighs
高领连衣裙,turtleneck_dress
牧师,priest
乳液瓶子,lotion_bottle
胫甲,shin_guards
人们,people
天狗叶扇,hauchiwa
橙色的大腿,orange_thighhighs
头戴潜水面罩,diving_mask_on_head
意大利国旗,italian_flag
裸体且穿着和服,naked_kimono
爪环,claw_ring
双胞胎调情,twincest
双胞胎乱伦,twincest
棕榈叶,palm_leaf
牛,cow
短裤腿连体衣,short_jumpsuit
拌料盆,mixing_bowl
被刺穿的,impaled
黑色面具,black_mask
蓝色头巾,blue_headband
乐谱,sheet_music
负债的,debt
跨形学生,cross-shaped_pupils
小说封面,novel_cover
握住刷子,holding_brush
潜水设备的通气管,snorkel
愚人节,april_fools
钟楼,clock_tower
雄英高中校服,u.a._school_uniform
隔着衣物掰穴,spread_pussy_under_clothes
和服裙,kimono_skirt
红色的眼镜,red-tinted_eyewear
屏幕,screen
看着动物,looking_at_animal
灰色皮毛,grey_fur
脚步,foot_up
Yes/No枕头,yes-no_pillow
黑色的buruma,black_buruma
黑色主题,black_theme
布插科打,cloth_gag
递食物,incoming_food
学校公文包,school_briefcase
热带饮料,tropical_drink
热带风情鸡尾酒,tropical_drink
石板,stone_floor
棱纹袖子,ribbed_sleeves
毛刺,glitch
假肢,prosthetic_leg
棕色领带,brown_necktie
耐克,nike
体育场,stadium
捷豹耳朵,jaguar_ears
格子呢内裤,plaid_panties
粉色裤子,pink_pants
水壶,kettle
翻盖手机,flip_phone
参考插图,reference_inset
人行横道,crosswalk
手上的眼镜,hand_on_eyewear
胃切口,stomach_cutout
灰色胸罩,grey_bra
药水,potion
以食品为主题的衣服,food-themed_clothes
拉弓,drawing_bow
彩虹梯度,rainbow_gradient
持有手持游戏机,holding_handheld_game_console
刺,stab
掌掴,slapping
片橙,orange_slice
格子呢裤子,plaid_pants
润滑油,lube
紧身胸衣,bodice
松鼠女孩,squirrel_girl
能露出乳头的衣物,nippleless_clothes
偶像衣服,idol_clothes
静脉滴注,intravenous_drip
进攻,incoming_attack
彩色弓,multicolored_bow
小型摩托车,scooter
印花胸罩,print_bra
抽搐,twitching
全身纹身,full-body_tattoo
枯树干,log
吹吻,blowing_kiss
喷火,breathing_fire
折纸,origami
摩擦性器官,frottage
用性器官摩擦别人的身体,frottage
打扫,cleaning
棕色镜框眼镜,brown-framed_eyewear
拿着叶子,holding_leaf
铃兰,lily_of_the_valley
足球运动,soccer
弹力紧身衣,unitard
橙色的Ascot,orange_ascot
石墙,stone_wall
推进器,thrusters
红帽,red_hood
抓着尾巴,tail_grab
断链,broken_chain
蒸汽朋克,steampunk
受精,fertilization
灰色边界,grey_border
皮手套,leather_gloves
对,yes
羞辱,humiliation
流动的,stream
助威,cheering